"field","year","crop_unified","distance_to_tree_strip","yield_tha","fert_N","temp_C_mean","precip_mm_sum","sun_MJ_m2_mean","AFage","treeage","clay","sand","silt","l_shdi","l_ed","l_np","l_contag","mean_slope","photo_path","log_AFage","log_dist","dist_bin","yield_rel","swf_mean","swf_max","swf_nearfield","swf_slope","swf_n_radii","swf_d100","swf_d200","swf_d300","swf_d400","swf_d500","swf_d600","swf_d700","swf_d800","swf_d900","swf_d1000","PC1_s","PC1_c"
"Dornburg","2016","barley",1,3.644875,45,12.4308372020721,25.4642863273621,18.210987663269,9,2,322,160,519,0.860414296032738,29.9992247351766,134,75.6323772939911,1.06863942697644,"C3",2.30258509299405,0,"1",0.833544156343486,0.00327789160924485,0.0084773986496715,0.00400262467191601,2.3099324377666e-06,10,0.00400262467191601,0.000811641254565482,0.00416731781007449,0.00575933531605532,0.00120903320523338,0.000557147405284941,0.00265555268690296,0.000824912353062487,0.00431395273968192,0.0084773986496715,1.72663300423133,1.4257365725104
"Dornburg","2016","barley",4,4.748225,45,12.4308372020721,25.4642863273621,18.210987663269,9,2,322,160,519,0.860414296032738,29.9992247351766,134,75.6323772939911,1.06863942697644,"C3",2.30258509299405,1.38629436111989,"4",1.0858685693622,0.00327789160924485,0.0084773986496715,0.00400262467191601,2.3099324377666e-06,10,0.00400262467191601,0.000811641254565482,0.00416731781007449,0.00575933531605532,0.00120903320523338,0.000557147405284941,0.00265555268690296,0.000824912353062487,0.00431395273968192,0.0084773986496715,1.72663300423133,1.4257365725104
"Dornburg","2016","barley",7,4.81515,45,12.4308372020721,25.4642863273621,18.210987663269,9,2,322,160,519,0.860414296032738,29.9992247351766,134,75.6323772939911,1.06863942697644,"C3",2.30258509299405,1.94591014905531,"7",1.10117360524499,0.00327789160924485,0.0084773986496715,0.00400262467191601,2.3099324377666e-06,10,0.00400262467191601,0.000811641254565482,0.00416731781007449,0.00575933531605532,0.00120903320523338,0.000557147405284941,0.00265555268690296,0.000824912353062487,0.00431395273968192,0.0084773986496715,1.72663300423133,1.4257365725104
"Dornburg","2016","barley",24,4.282725,45,12.4308372020721,25.4642863273621,18.210987663269,9,2,322,160,519,0.860414296032738,29.9992247351766,134,75.6323772939911,1.06863942697644,"C3",2.30258509299405,3.17805383034795,"24",0.979413669049324,0.00327789160924485,0.0084773986496715,0.00400262467191601,2.3099324377666e-06,10,0.00400262467191601,0.000811641254565482,0.00416731781007449,0.00575933531605532,0.00120903320523338,0.000557147405284941,0.00265555268690296,0.000824912353062487,0.00431395273968192,0.0084773986496715,1.72663300423133,1.4257365725104
"Dornburg","2017","rapeseed",1,1.534,105,8.7979241176085,59.4055788516998,13.6729174960743,10,3,322,160,519,0.860414296032738,29.9992247351766,134,75.6323772939911,1.06863942697644,"C3",2.39789527279837,0,"1",0.66317211564442,0.0224946329725667,0.0390165962271931,0.0390165962271931,-5.22733869834942e-07,10,0.0390165962271931,0.0210511895520343,0.0132743362831858,0.01811970889648,0.015114462332722,0.0161229728883601,0.0271862124992746,0.0261513914054683,0.0214479248436353,0.0274615347973134,1.72663300423133,-1.24700769901978
"Dornburg","2017","rapeseed",4,2.1565,105,8.7979241176085,59.4055788516998,13.6729174960743,10,3,322,160,519,0.860414296032738,29.9992247351766,134,75.6323772939911,1.06863942697644,"C3",2.39789527279837,1.38629436111989,"4",0.932288570656579,0.0224946329725667,0.0390165962271931,0.0390165962271931,-5.22733869834942e-07,10,0.0390165962271931,0.0210511895520343,0.0132743362831858,0.01811970889648,0.015114462332722,0.0161229728883601,0.0271862124992746,0.0261513914054683,0.0214479248436353,0.0274615347973134,1.72663300423133,-1.24700769901978
"Dornburg","2017","rapeseed",7,2.16125,105,8.7979241176085,59.4055788516998,13.6729174960743,10,3,322,160,519,0.860414296032738,29.9992247351766,134,75.6323772939911,1.06863942697644,"C3",2.39789527279837,1.94591014905531,"7",0.934342069710889,0.0224946329725667,0.0390165962271931,0.0390165962271931,-5.22733869834942e-07,10,0.0390165962271931,0.0210511895520343,0.0132743362831858,0.01811970889648,0.015114462332722,0.0161229728883601,0.0271862124992746,0.0261513914054683,0.0214479248436353,0.0274615347973134,1.72663300423133,-1.24700769901978
"Dornburg","2017","rapeseed",24,3.40075,105,8.7979241176085,59.4055788516998,13.6729174960743,10,3,322,160,519,0.860414296032738,29.9992247351766,134,75.6323772939911,1.06863942697644,"C3",2.39789527279837,3.17805383034795,"24",1.47019724398811,0.0224946329725667,0.0390165962271931,0.0390165962271931,-5.22733869834942e-07,10,0.0390165962271931,0.0210511895520343,0.0132743362831858,0.01811970889648,0.015114462332722,0.0161229728883601,0.0271862124992746,0.0261513914054683,0.0214479248436353,0.0274615347973134,1.72663300423133,-1.24700769901978
"Dornburg","2018","wheat",1,4.3325,213,9.00994617938995,37.8427922725677,14.7767956733704,11,4,322,160,519,0.834993875830094,29.192244532621,118,71.4215313695068,1.06863942697644,"C3",2.484906649788,0,"1",0.690644614924778,0.0224946329725667,0.0390165962271931,0.0390165962271931,-5.22733869834942e-07,10,0.0390165962271931,0.0210511895520343,0.0132743362831858,0.01811970889648,0.015114462332722,0.0161229728883601,0.0271862124992746,0.0261513914054683,0.0214479248436353,0.0274615347973134,1.72663300423133,-0.30920705357799
"Dornburg","2018","wheat",4,6.5125,213,9.00994617938995,37.8427922725677,14.7767956733704,11,4,322,160,519,0.834993875830094,29.192244532621,118,71.4215313695068,1.06863942697644,"C3",2.484906649788,1.38629436111989,"4",1.03815881239414,0.0224946329725667,0.0390165962271931,0.0390165962271931,-5.22733869834942e-07,10,0.0390165962271931,0.0210511895520343,0.0132743362831858,0.01811970889648,0.015114462332722,0.0161229728883601,0.0271862124992746,0.0261513914054683,0.0214479248436353,0.0274615347973134,1.72663300423133,-0.30920705357799
"Dornburg","2018","wheat",7,7.2525,213,9.00994617938995,37.8427922725677,14.7767956733704,11,4,322,160,519,0.834993875830094,29.192244532621,118,71.4215313695068,1.06863942697644,"C3",2.484906649788,1.94591014905531,"7",1.15612234731493,0.0224946329725667,0.0390165962271931,0.0390165962271931,-5.22733869834942e-07,10,0.0390165962271931,0.0210511895520343,0.0132743362831858,0.01811970889648,0.015114462332722,0.0161229728883601,0.0271862124992746,0.0261513914054683,0.0214479248436353,0.0274615347973134,1.72663300423133,-0.30920705357799
"Dornburg","2018","wheat",24,6.995,213,9.00994617938995,37.8427922725677,14.7767956733704,11,4,322,160,519,0.834993875830094,29.192244532621,118,71.4215313695068,1.06863942697644,"C3",2.484906649788,3.17805383034795,"24",1.11507422536615,0.0224946329725667,0.0390165962271931,0.0390165962271931,-5.22733869834942e-07,10,0.0390165962271931,0.0210511895520343,0.0132743362831858,0.01811970889648,0.015114462332722,0.0161229728883601,0.0271862124992746,0.0261513914054683,0.0214479248436353,0.0274615347973134,1.72663300423133,-0.30920705357799
"Dornburg","2019","barley",1,2.0225,18,13.3693625450134,20.8272681236267,21.7198505401611,12,5,322,160,519,0.827656981924074,30.5419101115677,140,71.5587629627803,1.06863942697644,"C3",2.56494935746154,0,"1",0.467832875524071,0.0224946329725667,0.0390165962271931,0.0390165962271931,-5.22733869834942e-07,10,0.0390165962271931,0.0210511895520343,0.0132743362831858,0.01811970889648,0.015114462332722,0.0161229728883601,0.0271862124992746,0.0261513914054683,0.0214479248436353,0.0274615347973134,1.72663300423133,2.35461657138028
"Dornburg","2019","barley",4,4.79625,18,13.3693625450134,20.8272681236267,21.7198505401611,12,5,322,160,519,0.827656981924074,30.5419101115677,140,71.5587629627803,1.06863942697644,"C3",2.56494935746154,1.38629436111989,"4",1.10944050889114,0.0224946329725667,0.0390165962271931,0.0390165962271931,-5.22733869834942e-07,10,0.0390165962271931,0.0210511895520343,0.0132743362831858,0.01811970889648,0.015114462332722,0.0161229728883601,0.0271862124992746,0.0261513914054683,0.0214479248436353,0.0274615347973134,1.72663300423133,2.35461657138028
"Dornburg","2019","barley",7,4.82,18,13.3693625450134,20.8272681236267,21.7198505401611,12,5,322,160,519,0.827656981924074,30.5419101115677,140,71.5587629627803,1.06863942697644,"C3",2.56494935746154,1.94591014905531,"7",1.11493422003759,0.0224946329725667,0.0390165962271931,0.0390165962271931,-5.22733869834942e-07,10,0.0390165962271931,0.0210511895520343,0.0132743362831858,0.01811970889648,0.015114462332722,0.0161229728883601,0.0271862124992746,0.0261513914054683,0.0214479248436353,0.0274615347973134,1.72663300423133,2.35461657138028
"Dornburg","2019","barley",24,5.65375,18,13.3693625450134,20.8272681236267,21.7198505401611,12,5,322,160,519,0.827656981924074,30.5419101115677,140,71.5587629627803,1.06863942697644,"C3",2.56494935746154,3.17805383034795,"24",1.3077923955472,0.0224946329725667,0.0390165962271931,0.0390165962271931,-5.22733869834942e-07,10,0.0390165962271931,0.0210511895520343,0.0132743362831858,0.01811970889648,0.015114462332722,0.0161229728883601,0.0271862124992746,0.0261513914054683,0.0214479248436353,0.0274615347973134,1.72663300423133,2.35461657138028
"Dornburg","2020","barley",1,0.724285714285714,19.2857142857143,12.2893627166748,19.0783056616783,22.6457401275635,13,6,322,160,519,0.827852227820429,29.6679752197171,120,74.5034745382828,1.06863942697644,"C3",2.63905732961526,0,"1",0.344744055587429,0.0321388869422815,0.0460453780537341,0.0459746417895062,1.05573943963264e-05,10,0.0459746417895062,0.0160281291383168,0.0190511307767945,0.0278107827120154,0.0224509204537735,0.0366915033498215,0.0460453780537341,0.0413770722340915,0.0370210934136892,0.0289382175010718,1.72663300423133,2.31640608183979
"Dornburg","2020","barley",4,2.02571428571429,19.2857142857143,12.2893627166748,19.0783056616783,22.6457401275635,13,6,322,160,519,0.827852227820429,29.6679752197171,120,74.5034745382828,1.06863942697644,"C3",2.63905732961526,1.38629436111989,"4",0.964195405962474,0.0321388869422815,0.0460453780537341,0.0459746417895062,1.05573943963264e-05,10,0.0459746417895062,0.0160281291383168,0.0190511307767945,0.0278107827120154,0.0224509204537735,0.0366915033498215,0.0460453780537341,0.0413770722340915,0.0370210934136892,0.0289382175010718,1.72663300423133,2.31640608183979
"Dornburg","2020","barley",7,2.6525,22.5,12.2893627166748,19.0783056616783,22.6457401275635,13,6,322,160,519,0.827852227820429,29.6679752197171,120,74.5034745382828,1.06863942697644,"C3",2.63905732961526,1.94591014905531,"7",1.26253160791313,0.0321388869422815,0.0460453780537341,0.0459746417895062,1.05573943963264e-05,10,0.0459746417895062,0.0160281291383168,0.0190511307767945,0.0278107827120154,0.0224509204537735,0.0366915033498215,0.0460453780537341,0.0413770722340915,0.0370210934136892,0.0289382175010718,1.72663300423133,2.31640608183979
"Dornburg","2020","barley",24,3.00125,22.5,12.2893627166748,19.0783056616783,22.6457401275635,13,6,322,160,519,0.827852227820429,29.6679752197171,120,74.5034745382828,1.06863942697644,"C3",2.63905732961526,3.17805383034795,"24",1.42852893053696,0.0321388869422815,0.0460453780537341,0.0459746417895062,1.05573943963264e-05,10,0.0459746417895062,0.0160281291383168,0.0190511307767945,0.0278107827120154,0.0224509204537735,0.0366915033498215,0.0460453780537341,0.0413770722340915,0.0370210934136892,0.0289382175010718,1.72663300423133,2.31640608183979
"Dornburg","2021","wheat",1,4.1525,90,7.9145773768425,53.7339789271355,12.8617300987244,14,7,322,160,519,0.84923560016509,29.4988265309718,120,73.8970334561957,1.06863942697644,"C3",2.70805020110221,0,"1",0.65938864628821,0.0321388869422815,0.0460453780537341,0.0459746417895062,1.05573943963264e-05,10,0.0459746417895062,0.0160281291383168,0.0190511307767945,0.0278107827120154,0.0224509204537735,0.0366915033498215,0.0460453780537341,0.0413770722340915,0.0370210934136892,0.0289382175010718,1.72663300423133,-1.38979288443378
"Dornburg","2021","wheat",4,6.3575,90,7.9145773768425,53.7339789271355,12.8617300987244,14,7,322,160,519,0.84923560016509,29.4988265309718,120,73.8970334561957,1.06863942697644,"C3",2.70805020110221,1.38629436111989,"4",1.00952759031362,0.0321388869422815,0.0460453780537341,0.0459746417895062,1.05573943963264e-05,10,0.0459746417895062,0.0160281291383168,0.0190511307767945,0.0278107827120154,0.0224509204537735,0.0366915033498215,0.0460453780537341,0.0413770722340915,0.0370210934136892,0.0289382175010718,1.72663300423133,-1.38979288443378
"Dornburg","2021","wheat",7,6.7125,90,7.9145773768425,53.7339789271355,12.8617300987244,14,7,322,160,519,0.84923560016509,29.4988265309718,120,73.8970334561957,1.06863942697644,"C3",2.70805020110221,1.94591014905531,"7",1.06589916633585,0.0321388869422815,0.0460453780537341,0.0459746417895062,1.05573943963264e-05,10,0.0459746417895062,0.0160281291383168,0.0190511307767945,0.0278107827120154,0.0224509204537735,0.0366915033498215,0.0460453780537341,0.0413770722340915,0.0370210934136892,0.0289382175010718,1.72663300423133,-1.38979288443378
"Dornburg","2021","wheat",18,7.2,90,7.9145773768425,53.7339789271355,12.8617300987244,14,7,322,160,519,0.84923560016509,29.4988265309718,120,73.8970334561957,1.06863942697644,"C3",2.70805020110221,2.89037175789616,"18",1.14331083763398,0.0321388869422815,0.0460453780537341,0.0459746417895062,1.05573943963264e-05,10,0.0459746417895062,0.0160281291383168,0.0190511307767945,0.0278107827120154,0.0224509204537735,0.0366915033498215,0.0460453780537341,0.0413770722340915,0.0370210934136892,0.0289382175010718,1.72663300423133,-1.38979288443378
"Dornburg","2021","wheat",24,7.065,90,7.9145773768425,53.7339789271355,12.8617300987244,14,7,322,160,519,0.84923560016509,29.4988265309718,120,73.8970334561957,1.06863942697644,"C3",2.70805020110221,3.17805383034795,"24",1.12187375942834,0.0321388869422815,0.0460453780537341,0.0459746417895062,1.05573943963264e-05,10,0.0459746417895062,0.0160281291383168,0.0190511307767945,0.0278107827120154,0.0224509204537735,0.0366915033498215,0.0460453780537341,0.0413770722340915,0.0370210934136892,0.0289382175010718,1.72663300423133,-1.38979288443378
"Dornburg","2022","barley",1,4.3215375,114,9.41651873155074,41.0490198135376,15.7184137214314,15,8,322,160,519,0.842996412969205,31.2255527285798,132,73.9587629978683,1.06863942697644,"C3",2.77258872223978,0,"1",0.662329213001403,0.0321388869422815,0.0460453780537341,0.0459746417895062,1.05573943963264e-05,10,0.0459746417895062,0.0160281291383168,0.0190511307767945,0.0278107827120154,0.0224509204537735,0.0366915033498215,0.0460453780537341,0.0413770722340915,0.0370210934136892,0.0289382175010718,1.72663300423133,-0.171989195980256
"Dornburg","2022","barley",4,6.6171875,114,9.41651873155074,41.0490198135376,15.7184137214314,15,8,322,160,519,0.842996412969205,31.2255527285798,132,73.9587629978683,1.06863942697644,"C3",2.77258872223978,1.38629436111989,"4",1.01416604371887,0.0321388869422815,0.0460453780537341,0.0459746417895062,1.05573943963264e-05,10,0.0459746417895062,0.0160281291383168,0.0190511307767945,0.0278107827120154,0.0224509204537735,0.0366915033498215,0.0460453780537341,0.0413770722340915,0.0370210934136892,0.0289382175010718,1.72663300423133,-0.171989195980256
"Dornburg","2022","barley",7,6.9329125,114,9.41651873155074,41.0490198135376,15.7184137214314,15,8,322,160,519,0.842996412969205,31.2255527285798,132,73.9587629978683,1.06863942697644,"C3",2.77258872223978,1.94591014905531,"7",1.06255481525559,0.0321388869422815,0.0460453780537341,0.0459746417895062,1.05573943963264e-05,10,0.0459746417895062,0.0160281291383168,0.0190511307767945,0.0278107827120154,0.0224509204537735,0.0366915033498215,0.0460453780537341,0.0413770722340915,0.0370210934136892,0.0289382175010718,1.72663300423133,-0.171989195980256
"Dornburg","2022","barley",18,7.4433,114,9.41651873155074,41.0490198135376,15.7184137214314,15,8,322,160,519,0.842996412969205,31.2255527285798,132,73.9587629978683,1.06863942697644,"C3",2.77258872223978,2.89037175789616,"18",1.14077802891525,0.0321388869422815,0.0460453780537341,0.0459746417895062,1.05573943963264e-05,10,0.0459746417895062,0.0160281291383168,0.0190511307767945,0.0278107827120154,0.0224509204537735,0.0366915033498215,0.0460453780537341,0.0413770722340915,0.0370210934136892,0.0289382175010718,1.72663300423133,-0.171989195980256
"Dornburg","2022","barley",24,7.30885,114,9.41651873155074,41.0490198135376,15.7184137214314,15,8,322,160,519,0.842996412969205,31.2255527285798,132,73.9587629978683,1.06863942697644,"C3",2.77258872223978,3.17805383034795,"24",1.12017189910889,0.0321388869422815,0.0460453780537341,0.0459746417895062,1.05573943963264e-05,10,0.0459746417895062,0.0160281291383168,0.0190511307767945,0.0278107827120154,0.0224509204537735,0.0366915033498215,0.0460453780537341,0.0413770722340915,0.0370210934136892,0.0289382175010718,1.72663300423133,-0.171989195980256
"Dornburg","2023","rapeseed",1,1.69625,106,9.35709284652363,53.5871351957321,14.3719331351194,16,9,322,160,519,0.853595845514023,31.8845278284832,150,73.6027665729855,1.06863942697644,"C3",2.83321334405622,0,"1",0.467866501172252,0.0321388869422815,0.0460453780537341,0.0459746417895062,1.05573943963264e-05,10,0.0459746417895062,0.0160281291383168,0.0190511307767945,0.0278107827120154,0.0224509204537735,0.0366915033498215,0.0460453780537341,0.0413770722340915,0.0370210934136892,0.0289382175010718,1.72663300423133,-0.81590015989695
"Dornburg","2023","rapeseed",4,3.725,106,9.35709284652363,53.5871351957321,14.3719331351194,16,9,322,160,519,0.853595845514023,31.8845278284832,150,73.6027665729855,1.06863942697644,"C3",2.83321334405622,1.38629436111989,"4",1.02744449041512,0.0321388869422815,0.0460453780537341,0.0459746417895062,1.05573943963264e-05,10,0.0459746417895062,0.0160281291383168,0.0190511307767945,0.0278107827120154,0.0224509204537735,0.0366915033498215,0.0460453780537341,0.0413770722340915,0.0370210934136892,0.0289382175010718,1.72663300423133,-0.81590015989695
"Dornburg","2023","rapeseed",7,4.305,106,9.35709284652363,53.5871351957321,14.3719331351194,16,9,322,160,519,0.853595845514023,31.8845278284832,150,73.6027665729855,1.06863942697644,"C3",2.83321334405622,1.94591014905531,"7",1.18742242449317,0.0321388869422815,0.0460453780537341,0.0459746417895062,1.05573943963264e-05,10,0.0459746417895062,0.0160281291383168,0.0190511307767945,0.0278107827120154,0.0224509204537735,0.0366915033498215,0.0460453780537341,0.0413770722340915,0.0370210934136892,0.0289382175010718,1.72663300423133,-0.81590015989695
"Dornburg","2023","rapeseed",18,4.18625,106,9.35709284652363,53.5871351957321,14.3719331351194,16,9,322,160,519,0.853595845514023,31.8845278284832,150,73.6027665729855,1.06863942697644,"C3",2.83321334405622,2.89037175789616,"18",1.15466832161081,0.0321388869422815,0.0460453780537341,0.0459746417895062,1.05573943963264e-05,10,0.0459746417895062,0.0160281291383168,0.0190511307767945,0.0278107827120154,0.0224509204537735,0.0366915033498215,0.0460453780537341,0.0413770722340915,0.0370210934136892,0.0289382175010718,1.72663300423133,-0.81590015989695
"Dornburg","2023","rapeseed",24,4.215,106,9.35709284652363,53.5871351957321,14.3719331351194,16,9,322,160,519,0.853595845514023,31.8845278284832,150,73.6027665729855,1.06863942697644,"C3",2.83321334405622,3.17805383034795,"24",1.16259826230865,0.0321388869422815,0.0460453780537341,0.0459746417895062,1.05573943963264e-05,10,0.0459746417895062,0.0160281291383168,0.0190511307767945,0.0278107827120154,0.0224509204537735,0.0366915033498215,0.0460453780537341,0.0413770722340915,0.0370210934136892,0.0289382175010718,1.72663300423133,-0.81590015989695
"Forst","2016","wheat",1,3.23505,122,9.28695677742362,51.9715201854706,13.2300000190735,6,2,118,663,219,0.904001530914015,35.11523010783,197,71.970450793914,0.27035630600793,"C3",1.94591014905531,0,"1",0.564336778249384,0.0458391798055139,0.0787144595641111,0.0206482395524844,9.61821863283772e-06,10,0.0206482395524844,0.0355954992569528,0.0309259144258834,0.0787144595641111,0.0619111709286676,0.0499591614484073,0.0485610761734205,0.0632190542152449,0.0425326417456627,0.0263245807443041,-2.3563868571106,-0.961637743560726
"Forst","2016","wheat",4,6.31105,122,9.28695677742362,51.9715201854706,13.2300000190735,6,2,118,663,219,0.904001530914015,35.11523010783,197,71.970450793914,0.27035630600793,"C3",1.94591014905531,1.38629436111989,"4",1.10092815392985,0.0458391798055139,0.0787144595641111,0.0206482395524844,9.61821863283772e-06,10,0.0206482395524844,0.0355954992569528,0.0309259144258834,0.0787144595641111,0.0619111709286676,0.0499591614484073,0.0485610761734205,0.0632190542152449,0.0425326417456627,0.0263245807443041,-2.3563868571106,-0.961637743560726
"Forst","2016","wheat",7,6.114175,122,9.28695677742362,51.9715201854706,13.2300000190735,6,2,118,663,219,0.904001530914015,35.11523010783,197,71.970450793914,0.27035630600793,"C3",1.94591014905531,1.94591014905531,"7",1.06658438699647,0.0458391798055139,0.0787144595641111,0.0206482395524844,9.61821863283772e-06,10,0.0206482395524844,0.0355954992569528,0.0309259144258834,0.0787144595641111,0.0619111709286676,0.0499591614484073,0.0485610761734205,0.0632190542152449,0.0425326417456627,0.0263245807443041,-2.3563868571106,-0.961637743560726
"Forst","2016","wheat",24,7.26965,122,9.28695677742362,51.9715201854706,13.2300000190735,6,2,118,663,219,0.904001530914015,35.11523010783,197,71.970450793914,0.27035630600793,"C3",1.94591014905531,3.17805383034795,"24",1.26815068082429,0.0458391798055139,0.0787144595641111,0.0206482395524844,9.61821863283772e-06,10,0.0206482395524844,0.0355954992569528,0.0309259144258834,0.0787144595641111,0.0619111709286676,0.0499591614484073,0.0485610761734205,0.0632190542152449,0.0425326417456627,0.0263245807443041,-2.3563868571106,-0.961637743560726
"Forst","2017","barley",1,3.018125,105,9.08814261176369,55.1715182065964,13.51818188754,7,3,118,663,219,0.904001530914015,35.11523010783,197,71.970450793914,0.27035630600793,"C3",2.07944154167984,0,"1",0.67030064281679,0.0330796934451731,0.0501907125991403,0.0209047958060967,1.71281058193526e-05,10,0.0209047958060967,0.0291462327240303,0.019047619047619,0.0310475279384268,0.0400564949586096,0.0396343640648432,0.0379323899371069,0.0501907125991403,0.0333492809501027,0.0294875164257556,-2.3563868571106,-1.06617743701533
"Forst","2017","barley",4,4.160925,105,9.08814261176369,55.1715182065964,13.51818188754,7,3,118,663,219,0.904001530914015,35.11523010783,197,71.970450793914,0.27035630600793,"C3",2.07944154167984,1.38629436111989,"4",0.924107087086337,0.0330796934451731,0.0501907125991403,0.0209047958060967,1.71281058193526e-05,10,0.0209047958060967,0.0291462327240303,0.019047619047619,0.0310475279384268,0.0400564949586096,0.0396343640648432,0.0379323899371069,0.0501907125991403,0.0333492809501027,0.0294875164257556,-2.3563868571106,-1.06617743701533
"Forst","2017","barley",7,4.6355,105,9.08814261176369,55.1715182065964,13.51818188754,7,3,118,663,219,0.904001530914015,35.11523010783,197,71.970450793914,0.27035630600793,"C3",2.07944154167984,1.94591014905531,"7",1.02950627617386,0.0330796934451731,0.0501907125991403,0.0209047958060967,1.71281058193526e-05,10,0.0209047958060967,0.0291462327240303,0.019047619047619,0.0310475279384268,0.0400564949586096,0.0396343640648432,0.0379323899371069,0.0501907125991403,0.0333492809501027,0.0294875164257556,-2.3563868571106,-1.06617743701533
"Forst","2017","barley",24,6.196025,105,9.08814261176369,55.1715182065964,13.51818188754,7,3,118,663,219,0.904001530914015,35.11523010783,197,71.970450793914,0.27035630600793,"C3",2.07944154167984,3.17805383034795,"24",1.37608599392301,0.0330796934451731,0.0501907125991403,0.0209047958060967,1.71281058193526e-05,10,0.0209047958060967,0.0291462327240303,0.019047619047619,0.0310475279384268,0.0400564949586096,0.0396343640648432,0.0379323899371069,0.0501907125991403,0.0333492809501027,0.0294875164257556,-2.3563868571106,-1.06617743701533
"Forst","2019","barley",1,3.39953042068318,42,14.5400000572205,19.245055437088,22.9799999237061,9,5,118,663,219,0.822514905459353,28.3494256113891,130,71.8960715836333,0.27035630600793,"C3",2.30258509299405,0,"1",0.906460067929891,0.0330796934451731,0.0501907125991403,0.0209047958060967,1.71281058193526e-05,10,0.0209047958060967,0.0291462327240303,0.019047619047619,0.0310475279384268,0.0400564949586096,0.0396343640648432,0.0379323899371069,0.0501907125991403,0.0333492809501027,0.0294875164257556,-2.3563868571106,2.87424735752557
"Forst","2019","barley",4,3.88938317920019,42,14.5400000572205,19.245055437088,22.9799999237061,9,5,118,663,219,0.822514905459353,28.3494256113891,130,71.8960715836333,0.27035630600793,"C3",2.30258509299405,1.38629436111989,"4",1.03707574415959,0.0330796934451731,0.0501907125991403,0.0209047958060967,1.71281058193526e-05,10,0.0209047958060967,0.0291462327240303,0.019047619047619,0.0310475279384268,0.0400564949586096,0.0396343640648432,0.0379323899371069,0.0501907125991403,0.0333492809501027,0.0294875164257556,-2.3563868571106,2.87424735752557
"Forst","2019","barley",7,4.17664492998527,42,14.5400000572205,19.245055437088,22.9799999237061,9,5,118,663,219,0.822514905459353,28.3494256113891,130,71.8960715836333,0.27035630600793,"C3",2.30258509299405,1.94591014905531,"7",1.11367200126206,0.0330796934451731,0.0501907125991403,0.0209047958060967,1.71281058193526e-05,10,0.0209047958060967,0.0291462327240303,0.019047619047619,0.0310475279384268,0.0400564949586096,0.0396343640648432,0.0379323899371069,0.0501907125991403,0.0333492809501027,0.0294875164257556,-2.3563868571106,2.87424735752557
"Forst","2019","barley",24,3.53578809733266,42,14.5400000572205,19.245055437088,22.9799999237061,9,5,118,663,219,0.822514905459353,28.3494256113891,130,71.8960715836333,0.27035630600793,"C3",2.30258509299405,3.17805383034795,"24",0.942792186648462,0.0330796934451731,0.0501907125991403,0.0209047958060967,1.71281058193526e-05,10,0.0209047958060967,0.0291462327240303,0.019047619047619,0.0310475279384268,0.0400564949586096,0.0396343640648432,0.0379323899371069,0.0501907125991403,0.0333492809501027,0.0294875164257556,-2.3563868571106,2.87424735752557
"Forst","2020","oat",1,0.805563130595865,NA,13.1000000953674,17.652459025383,23.0200000762939,10,6,118,663,219,0.822233544567408,27.9618013954472,122,71.9349688601814,0.27035630600793,"C3",2.39789527279837,0,"1",0.540516542884408,0.0504497178223291,0.0723059344426194,0.00576014497443531,4.89384376006964e-05,10,0.00576014497443531,0.0213999108337049,0.0487912087912088,0.0513110405705092,0.0689709286358821,0.0723059344426194,0.0588312368972746,0.0633286916510262,0.0568204204542256,0.0569776609724047,-2.3563868571106,2.6071771293354
"Forst","2020","oat",4,1.50528949749472,NA,13.1000000953674,17.652459025383,23.0200000762939,10,6,118,663,219,0.822233544567408,27.9618013954472,122,71.9349688601814,0.27035630600793,"C3",2.39789527279837,1.38629436111989,"4",1.01001876119159,0.0504497178223291,0.0723059344426194,0.00576014497443531,4.89384376006964e-05,10,0.00576014497443531,0.0213999108337049,0.0487912087912088,0.0513110405705092,0.0689709286358821,0.0723059344426194,0.0588312368972746,0.0633286916510262,0.0568204204542256,0.0569776609724047,-2.3563868571106,2.6071771293354
"Forst","2020","oat",7,1.63607636152072,NA,13.1000000953674,17.652459025383,23.0200000762939,10,6,118,663,219,0.822233544567408,27.9618013954472,122,71.9349688601814,0.27035630600793,"C3",2.39789527279837,1.94591014905531,"7",1.09777409769233,0.0504497178223291,0.0723059344426194,0.00576014497443531,4.89384376006964e-05,10,0.00576014497443531,0.0213999108337049,0.0487912087912088,0.0513110405705092,0.0689709286358821,0.0723059344426194,0.0588312368972746,0.0633286916510262,0.0568204204542256,0.0569776609724047,-2.3563868571106,2.6071771293354
"Forst","2020","oat",24,2.01450283852157,NA,13.1000000953674,17.652459025383,23.0200000762939,10,6,118,663,219,0.822233544567408,27.9618013954472,122,71.9349688601814,0.27035630600793,"C3",2.39789527279837,3.17805383034795,"24",1.35169059823167,0.0504497178223291,0.0723059344426194,0.00576014497443531,4.89384376006964e-05,10,0.00576014497443531,0.0213999108337049,0.0487912087912088,0.0513110405705092,0.0689709286358821,0.0723059344426194,0.0588312368972746,0.0633286916510262,0.0568204204542256,0.0569776609724047,-2.3563868571106,2.6071771293354
"Gladbacherhof","2021","wheat",1,3.32645833333333,0,8.7077207326889,54.2024382352829,12.2754005670547,1,2,252,180,567,0.95909279258317,38.7591709011974,158,66.8163561346448,2.019402384758,"C3",0.693147180559945,0,"1",0.941080550098232,0.0784337695315968,0.140623721044446,0.0594128287185196,-5.09955499756064e-05,10,0.0594128287185196,0.0974427717055063,0.140623721044446,0.0919220055710306,0.057537265819848,0.0739634485900876,0.10200323392023,0.0783981268418715,0.053731124468553,0.0293031686358754,1.4951053407253,-1.31973802775739
"Gladbacherhof","2021","wheat",4.5,3.96145833333333,0,8.7077207326889,54.2024382352829,12.2754005670547,1,2,252,180,567,0.95909279258317,38.7591709011974,158,66.8163561346448,2.019402384758,"C3",0.693147180559945,1.50407739677627,"4.5",1.12072691552063,0.0784337695315968,0.140623721044446,0.0594128287185196,-5.09955499756064e-05,10,0.0594128287185196,0.0974427717055063,0.140623721044446,0.0919220055710306,0.057537265819848,0.0739634485900876,0.10200323392023,0.0783981268418715,0.053731124468553,0.0293031686358754,1.4951053407253,-1.31973802775739
"Gladbacherhof","2021","wheat",9,3.31625,0,8.7077207326889,54.2024382352829,12.2754005670547,1,2,252,180,567,0.95909279258317,38.7591709011974,158,66.8163561346448,2.019402384758,"C3",0.693147180559945,2.19722457733622,"9",0.938192534381139,0.0784337695315968,0.140623721044446,0.0594128287185196,-5.09955499756064e-05,10,0.0594128287185196,0.0974427717055063,0.140623721044446,0.0919220055710306,0.057537265819848,0.0739634485900876,0.10200323392023,0.0783981268418715,0.053731124468553,0.0293031686358754,1.4951053407253,-1.31973802775739
"IhingerHof","2016","pea",4,1.94571974006733,NA,8.31741703748703,70.6698708534241,12.9046382904053,8,0,345,177,478,0.990943340771167,42.1485506480326,183,69.0778985655704,1.77411327759425,"C3",2.19722457733622,1.38629436111989,"4",0.950502594270196,0.0200060778254995,0.0414675193537529,0,2.54286440827727e-05,10,0,0.0221614620808749,0.00873362445414847,0.00439923013472642,0.0162116040955631,0.0414675193537529,0.0334621099554235,0.0311703483432455,0.0160096153846154,0.0264452644526445,1.61306467767392,-1.85139820389028
"IhingerHof","2016","pea",7,1.77153115588116,NA,8.31741703748703,70.6698708534241,12.9046382904053,8,0,345,177,478,0.990943340771167,42.1485506480326,183,69.0778985655704,1.77411327759425,"C3",2.19722457733622,1.94591014905531,"7",0.86540981458987,0.0200060778254995,0.0414675193537529,0,2.54286440827727e-05,10,0,0.0221614620808749,0.00873362445414847,0.00439923013472642,0.0162116040955631,0.0414675193537529,0.0334621099554235,0.0311703483432455,0.0160096153846154,0.0264452644526445,1.61306467767392,-1.85139820389028
"IhingerHof","2016","pea",12,2.00326909886316,NA,8.31741703748703,70.6698708534241,12.9046382904053,8,0,345,177,478,0.990943340771167,42.1485506480326,183,69.0778985655704,1.77411327759425,"C3",2.19722457733622,2.484906649788,"12",0.978616003261014,0.0200060778254995,0.0414675193537529,0,2.54286440827727e-05,10,0,0.0221614620808749,0.00873362445414847,0.00439923013472642,0.0162116040955631,0.0414675193537529,0.0334621099554235,0.0311703483432455,0.0160096153846154,0.0264452644526445,1.61306467767392,-1.85139820389028
"IhingerHof","2016","pea",18,2.31361080711847,NA,8.31741703748703,70.6698708534241,12.9046382904053,8,0,345,177,478,0.990943340771167,42.1485506480326,183,69.0778985655704,1.77411327759425,"C3",2.19722457733622,2.89037175789616,"18",1.13022087868707,0.0200060778254995,0.0414675193537529,0,2.54286440827727e-05,10,0,0.0221614620808749,0.00873362445414847,0.00439923013472642,0.0162116040955631,0.0414675193537529,0.0334621099554235,0.0311703483432455,0.0160096153846154,0.0264452644526445,1.61306467767392,-1.85139820389028
"IhingerHof","2016","pea",24,2.20108450309107,NA,8.31741703748703,70.6698708534241,12.9046382904053,8,0,345,177,478,0.990943340771167,42.1485506480326,183,69.0778985655704,1.77411327759425,"C3",2.19722457733622,3.17805383034795,"24",1.07525070919185,0.0200060778254995,0.0414675193537529,0,2.54286440827727e-05,10,0,0.0221614620808749,0.00873362445414847,0.00439923013472642,0.0162116040955631,0.0414675193537529,0.0334621099554235,0.0311703483432455,0.0160096153846154,0.0264452644526445,1.61306467767392,-1.85139820389028
"IhingerHof","2018","rapeseed",4,2.77207119875817,NA,8.90810657631267,59.0372264385223,15.4679610512473,10,2,345,177,478,0.955685896199578,39.8474885651662,154,70.2458020883431,1.77411327759425,"C3",2.39789527279837,1.38629436111989,"4",0.953349866860782,0.0216175403174622,0.0714646282541285,0,2.38653562766103e-06,10,0,0.0129943502824859,0.00995770179767359,0.0714646282541285,0.0256332010985658,0.0218151011331145,0.0277012192273555,0.0210284280936455,0.0100669870945767,0.0155137861930758,1.61306467767392,-0.921825050616777
"IhingerHof","2018","rapeseed",7,2.53979310010206,NA,8.90810657631267,59.0372264385223,15.4679610512473,10,2,345,177,478,0.955685896199578,39.8474885651662,154,70.2458020883431,1.77411327759425,"C3",2.39789527279837,1.94591014905531,"7",0.873466531062022,0.0216175403174622,0.0714646282541285,0,2.38653562766103e-06,10,0,0.0129943502824859,0.00995770179767359,0.0714646282541285,0.0256332010985658,0.0218151011331145,0.0277012192273555,0.0210284280936455,0.0100669870945767,0.0155137861930758,1.61306467767392,-0.921825050616777
"IhingerHof","2018","rapeseed",12,2.98991692541493,NA,8.90810657631267,59.0372264385223,15.4679610512473,10,2,345,177,478,0.955685896199578,39.8474885651662,154,70.2458020883431,1.77411327759425,"C3",2.39789527279837,2.484906649788,"12",1.02826972988503,0.0216175403174622,0.0714646282541285,0,2.38653562766103e-06,10,0,0.0129943502824859,0.00995770179767359,0.0714646282541285,0.0256332010985658,0.0218151011331145,0.0277012192273555,0.0210284280936455,0.0100669870945767,0.0155137861930758,1.61306467767392,-0.921825050616777
"IhingerHof","2018","rapeseed",18,3.26159568090354,NA,8.90810657631267,59.0372264385223,15.4679610512473,10,2,345,177,478,0.955685896199578,39.8474885651662,154,70.2458020883431,1.77411327759425,"C3",2.39789527279837,2.89037175789616,"18",1.12170344309196,0.0216175403174622,0.0714646282541285,0,2.38653562766103e-06,10,0,0.0129943502824859,0.00995770179767359,0.0714646282541285,0.0256332010985658,0.0218151011331145,0.0277012192273555,0.0210284280936455,0.0100669870945767,0.0155137861930758,1.61306467767392,-0.921825050616777
"IhingerHof","2018","rapeseed",24,2.97520591272278,NA,8.90810657631267,59.0372264385223,15.4679610512473,10,2,345,177,478,0.955685896199578,39.8474885651662,154,70.2458020883431,1.77411327759425,"C3",2.39789527279837,3.17805383034795,"24",1.02321042910021,0.0216175403174622,0.0714646282541285,0,2.38653562766103e-06,10,0,0.0129943502824859,0.00995770179767359,0.0714646282541285,0.0256332010985658,0.0218151011331145,0.0277012192273555,0.0210284280936455,0.0100669870945767,0.0155137861930758,1.61306467767392,-0.921825050616777
"IhingerHof","2021","barley",4,6.02181553383606,NA,8.33537950028073,68.0761443376541,15.2273626761003,13,2,345,177,478,0.941863053970857,39.6642493181386,200,70.6398693146567,1.77411327759425,"C3",2.63905732961526,1.38629436111989,"4",1.04086192558433,0.0535804925716117,0.0844540929789262,0.00236705065488401,6.06262166957025e-05,10,0.00236705065488401,0.0421468926553672,0.0347197744095876,0.0306483017235163,0.0660970399755874,0.0844540929789262,0.0760966039146074,0.0826505016722408,0.0636566627559323,0.0529680049754682,1.61306467767392,-1.38887512223891
"IhingerHof","2021","barley",7,5.07529385671902,NA,8.33537950028073,68.0761443376541,15.2273626761003,13,2,345,177,478,0.941863053970857,39.6642493181386,200,70.6398693146567,1.77411327759425,"C3",2.63905732961526,1.94591014905531,"7",0.877257050955471,0.0535804925716117,0.0844540929789262,0.00236705065488401,6.06262166957025e-05,10,0.00236705065488401,0.0421468926553672,0.0347197744095876,0.0306483017235163,0.0660970399755874,0.0844540929789262,0.0760966039146074,0.0826505016722408,0.0636566627559323,0.0529680049754682,1.61306467767392,-1.38887512223891
"IhingerHof","2021","barley",12,5.94800855231467,NA,8.33537950028073,68.0761443376541,15.2273626761003,13,2,345,177,478,0.941863053970857,39.6642493181386,200,70.6398693146567,1.77411327759425,"C3",2.63905732961526,2.484906649788,"12",1.02810449778265,0.0535804925716117,0.0844540929789262,0.00236705065488401,6.06262166957025e-05,10,0.00236705065488401,0.0421468926553672,0.0347197744095876,0.0306483017235163,0.0660970399755874,0.0844540929789262,0.0760966039146074,0.0826505016722408,0.0636566627559323,0.0529680049754682,1.61306467767392,-1.38887512223891
"IhingerHof","2021","barley",18,5.87708755934021,NA,8.33537950028073,68.0761443376541,15.2273626761003,13,2,345,177,478,0.941863053970857,39.6642493181386,200,70.6398693146567,1.77411327759425,"C3",2.63905732961526,2.89037175789616,"18",1.015845908841,0.0535804925716117,0.0844540929789262,0.00236705065488401,6.06262166957025e-05,10,0.00236705065488401,0.0421468926553672,0.0347197744095876,0.0306483017235163,0.0660970399755874,0.0844540929789262,0.0760966039146074,0.0826505016722408,0.0636566627559323,0.0529680049754682,1.61306467767392,-1.38887512223891
"IhingerHof","2021","barley",24,6.00485670373771,NA,8.33537950028073,68.0761443376541,15.2273626761003,13,2,345,177,478,0.941863053970857,39.6642493181386,200,70.6398693146567,1.77411327759425,"C3",2.63905732961526,3.17805383034795,"24",1.03793061683655,0.0535804925716117,0.0844540929789262,0.00236705065488401,6.06262166957025e-05,10,0.00236705065488401,0.0421468926553672,0.0347197744095876,0.0306483017235163,0.0660970399755874,0.0844540929789262,0.0760966039146074,0.0826505016722408,0.0636566627559323,0.0529680049754682,1.61306467767392,-1.38887512223891
"IhingerHof","2022","rapeseed",4,2.5114944269368,NA,9.06426068869504,50.2656646966934,18.7987050576643,14,0,345,177,478,0.943768779680178,37.7261418976538,134,70.7113108495329,1.77411327759425,"C3",2.70805020110221,1.38629436111989,"4",0.947058850711148,0.0535804925716117,0.0844540929789262,0.00236705065488401,6.06262166957025e-05,10,0.00236705065488401,0.0421468926553672,0.0347197744095876,0.0306483017235163,0.0660970399755874,0.0844540929789262,0.0760966039146074,0.0826505016722408,0.0636566627559323,0.0529680049754682,1.61306467767392,-0.06207076107709
"IhingerHof","2022","rapeseed",7,2.27155759940543,NA,9.06426068869504,50.2656646966934,18.7987050576643,14,0,345,177,478,0.943768779680178,37.7261418976538,134,70.7113108495329,1.77411327759425,"C3",2.70805020110221,1.94591014905531,"7",0.856581128089923,0.0535804925716117,0.0844540929789262,0.00236705065488401,6.06262166957025e-05,10,0.00236705065488401,0.0421468926553672,0.0347197744095876,0.0306483017235163,0.0660970399755874,0.0844540929789262,0.0760966039146074,0.0826505016722408,0.0636566627559323,0.0529680049754682,1.61306467767392,-0.06207076107709
"IhingerHof","2022","rapeseed",12,2.682374447626,NA,9.06426068869504,50.2656646966934,18.7987050576643,14,0,345,177,478,0.943768779680178,37.7261418976538,134,70.7113108495329,1.77411327759425,"C3",2.70805020110221,2.484906649788,"12",1.01149595806352,0.0535804925716117,0.0844540929789262,0.00236705065488401,6.06262166957025e-05,10,0.00236705065488401,0.0421468926553672,0.0347197744095876,0.0306483017235163,0.0660970399755874,0.0844540929789262,0.0760966039146074,0.0826505016722408,0.0636566627559323,0.0529680049754682,1.61306467767392,-0.06207076107709
"IhingerHof","2022","rapeseed",18,2.85762949573358,NA,9.06426068869504,50.2656646966934,18.7987050576643,14,0,345,177,478,0.943768779680178,37.7261418976538,134,70.7113108495329,1.77411327759425,"C3",2.70805020110221,2.89037175789616,"18",1.07758284348995,0.0535804925716117,0.0844540929789262,0.00236705065488401,6.06262166957025e-05,10,0.00236705065488401,0.0421468926553672,0.0347197744095876,0.0306483017235163,0.0660970399755874,0.0844540929789262,0.0760966039146074,0.0826505016722408,0.0636566627559323,0.0529680049754682,1.61306467767392,-0.06207076107709
"IhingerHof","2022","rapeseed",24,2.93638627642108,NA,9.06426068869504,50.2656646966934,18.7987050576643,14,0,345,177,478,0.943768779680178,37.7261418976538,134,70.7113108495329,1.77411327759425,"C3",2.70805020110221,3.17805383034795,"24",1.10728121964545,0.0535804925716117,0.0844540929789262,0.00236705065488401,6.06262166957025e-05,10,0.00236705065488401,0.0421468926553672,0.0347197744095876,0.0306483017235163,0.0660970399755874,0.0844540929789262,0.0760966039146074,0.0826505016722408,0.0636566627559323,0.0529680049754682,1.61306467767392,-0.06207076107709
"IhingerHof","2023","wheat",4,6.02656165816489,NA,9.0456475019455,54.4437395334244,15.2766986846924,15,1,345,177,478,0.948026488210635,38.6423381327921,145,70.5369676514993,1.77411327759425,"C3",2.77258872223978,1.38629436111989,"4",0.95594299512265,0.0535804925716117,0.0844540929789262,0.00236705065488401,6.06262166957025e-05,10,0.00236705065488401,0.0421468926553672,0.0347197744095876,0.0306483017235163,0.0660970399755874,0.0844540929789262,0.0760966039146074,0.0826505016722408,0.0636566627559323,0.0529680049754682,1.61306467767392,-0.769555076861352
"IhingerHof","2023","wheat",7,5.83373511904762,NA,9.0456475019455,54.4437395334244,15.2766986846924,15,1,345,177,478,0.948026488210635,38.6423381327921,145,70.5369676514993,1.77411327759425,"C3",2.77258872223978,1.94591014905531,"7",0.925356536408972,0.0535804925716117,0.0844540929789262,0.00236705065488401,6.06262166957025e-05,10,0.00236705065488401,0.0421468926553672,0.0347197744095876,0.0306483017235163,0.0660970399755874,0.0844540929789262,0.0760966039146074,0.0826505016722408,0.0636566627559323,0.0529680049754682,1.61306467767392,-0.769555076861352
"IhingerHof","2023","wheat",12,6.58395166533153,NA,9.0456475019455,54.4437395334244,15.2766986846924,15,1,345,177,478,0.948026488210635,38.6423381327921,145,70.5369676514993,1.77411327759425,"C3",2.77258872223978,2.484906649788,"12",1.0443571030544,0.0535804925716117,0.0844540929789262,0.00236705065488401,6.06262166957025e-05,10,0.00236705065488401,0.0421468926553672,0.0347197744095876,0.0306483017235163,0.0660970399755874,0.0844540929789262,0.0760966039146074,0.0826505016722408,0.0636566627559323,0.0529680049754682,1.61306467767392,-0.769555076861352
"IhingerHof","2023","wheat",18,6.36954282135625,NA,9.0456475019455,54.4437395334244,15.2766986846924,15,1,345,177,478,0.948026488210635,38.6423381327921,145,70.5369676514993,1.77411327759425,"C3",2.77258872223978,2.89037175789616,"18",1.01034722410247,0.0535804925716117,0.0844540929789262,0.00236705065488401,6.06262166957025e-05,10,0.00236705065488401,0.0421468926553672,0.0347197744095876,0.0306483017235163,0.0660970399755874,0.0844540929789262,0.0760966039146074,0.0826505016722408,0.0636566627559323,0.0529680049754682,1.61306467767392,-0.769555076861352
"IhingerHof","2023","wheat",24,6.70776226446498,NA,9.0456475019455,54.4437395334244,15.2766986846924,15,1,345,177,478,0.948026488210635,38.6423381327921,145,70.5369676514993,1.77411327759425,"C3",2.77258872223978,3.17805383034795,"24",1.06399614131151,0.0535804925716117,0.0844540929789262,0.00236705065488401,6.06262166957025e-05,10,0.00236705065488401,0.0421468926553672,0.0347197744095876,0.0306483017235163,0.0660970399755874,0.0844540929789262,0.0760966039146074,0.0826505016722408,0.0636566627559323,0.0529680049754682,1.61306467767392,-0.769555076861352
"Mariensee","2017","grass",1,2.87546764666667,0,10.3983226697892,78.7504916191101,11.6455832918485,9,2,204,592,203,0.864093658209062,32.3675344995278,115,70.295807583711,0.596613270895822,"C3",2.30258509299405,0,"1",0.865898536302545,0.0386196770340216,0.0636697015680324,0.0287300820859488,1.70947764789836e-05,10,0.0287300820859488,0.00268319763138416,0.0399369416710457,0.0636697015680324,0.0576053190909586,0.0572456813819578,0.0130086867217254,0.0344734299516908,0.0302581985980485,0.0585855316394239,-1.72998899074489,-1.84923020782639
"Mariensee","2017","grass",4,3.69287969666667,0,10.3983226697892,78.7504916191101,11.6455832918485,9,2,204,592,203,0.864093658209062,32.3675344995278,115,70.295807583711,0.596613270895822,"C3",2.30258509299405,1.38629436111989,"4",1.11204837508496,0.0386196770340216,0.0636697015680324,0.0287300820859488,1.70947764789836e-05,10,0.0287300820859488,0.00268319763138416,0.0399369416710457,0.0636697015680324,0.0576053190909586,0.0572456813819578,0.0130086867217254,0.0344734299516908,0.0302581985980485,0.0585855316394239,-1.72998899074489,-1.84923020782639
"Mariensee","2017","grass",7,3.72143953666667,0,10.3983226697892,78.7504916191101,11.6455832918485,9,2,204,592,203,0.864093658209062,32.3675344995278,115,70.295807583711,0.596613270895822,"C3",2.30258509299405,1.94591014905531,"7",1.12064868873541,0.0386196770340216,0.0636697015680324,0.0287300820859488,1.70947764789836e-05,10,0.0287300820859488,0.00268319763138416,0.0399369416710457,0.0636697015680324,0.0576053190909586,0.0572456813819578,0.0130086867217254,0.0344734299516908,0.0302581985980485,0.0585855316394239,-1.72998899074489,-1.84923020782639
"Mariensee","2017","grass",24,2.99337518166667,0,10.3983226697892,78.7504916191101,11.6455832918485,9,2,204,592,203,0.864093658209062,32.3675344995278,115,70.295807583711,0.596613270895822,"C3",2.30258509299405,3.17805383034795,"24",0.901404399877082,0.0386196770340216,0.0636697015680324,0.0287300820859488,1.70947764789836e-05,10,0.0287300820859488,0.00268319763138416,0.0399369416710457,0.0636697015680324,0.0576053190909586,0.0572456813819578,0.0130086867217254,0.0344734299516908,0.0302581985980485,0.0585855316394239,-1.72998899074489,-1.84923020782639
"Mariensee","2018","grass",1,2.71326902333333,0,11.2835828661919,43.1211903095245,16.3704299132029,10,3,204,592,203,0.845131933002461,30.4399306485488,86,71.0511003868911,0.596613270895822,"C3",2.39789527279837,0,"1",0.896502668431162,0.0386196770340216,0.0636697015680324,0.0287300820859488,1.70947764789836e-05,10,0.0287300820859488,0.00268319763138416,0.0399369416710457,0.0636697015680324,0.0576053190909586,0.0572456813819578,0.0130086867217254,0.0344734299516908,0.0302581985980485,0.0585855316394239,-1.72998899074489,0.287000233184199
"Mariensee","2018","grass",4,3.16420853166667,0,11.2835828661919,43.1211903095245,16.3704299132029,10,3,204,592,203,0.845131933002461,30.4399306485488,86,71.0511003868911,0.596613270895822,"C3",2.39789527279837,1.38629436111989,"4",1.04549949441682,0.0386196770340216,0.0636697015680324,0.0287300820859488,1.70947764789836e-05,10,0.0287300820859488,0.00268319763138416,0.0399369416710457,0.0636697015680324,0.0576053190909586,0.0572456813819578,0.0130086867217254,0.0344734299516908,0.0302581985980485,0.0585855316394239,-1.72998899074489,0.287000233184199
"Mariensee","2018","grass",7,3.27341544333333,0,11.2835828661919,43.1211903095245,16.3704299132029,10,3,204,592,203,0.845131933002461,30.4399306485488,86,71.0511003868911,0.596613270895822,"C3",2.39789527279837,1.94591014905531,"7",1.08158301097133,0.0386196770340216,0.0636697015680324,0.0287300820859488,1.70947764789836e-05,10,0.0287300820859488,0.00268319763138416,0.0399369416710457,0.0636697015680324,0.0576053190909586,0.0572456813819578,0.0130086867217254,0.0344734299516908,0.0302581985980485,0.0585855316394239,-1.72998899074489,0.287000233184199
"Mariensee","2018","grass",24,2.95512349833333,0,11.2835828661919,43.1211903095245,16.3704299132029,10,3,204,592,203,0.845131933002461,30.4399306485488,86,71.0511003868911,0.596613270895822,"C3",2.39789527279837,3.17805383034795,"24",0.976414826180689,0.0386196770340216,0.0636697015680324,0.0287300820859488,1.70947764789836e-05,10,0.0287300820859488,0.00268319763138416,0.0399369416710457,0.0636697015680324,0.0576053190909586,0.0572456813819578,0.0130086867217254,0.0344734299516908,0.0302581985980485,0.0585855316394239,-1.72998899074489,0.287000233184199
"Reiffenhausen","2016","barley",1,3.2214,238,8.66766793077642,65.7423021793365,11.3722563656894,5,1,429,327,244,0.907845827570492,34.6073069658614,117,74.1805901551347,1.75142121315002,"C3",1.79175946922805,0,"1",0.603308326063173,0.012872888720881,0.0415424560053851,0.0132583366813982,-1.46089210909428e-05,10,0.0132583366813982,0.00830154812654251,0.00839030453697949,0.0193471810089021,0.0415424560053851,0.029283287493933,0.00411149825783972,0.000735068912710567,0.000600895881131869,0.00315831030398736,0.537207318163013,-1.85512637708051
"Reiffenhausen","2016","barley",4,5.986075,238,8.66766793077642,65.7423021793365,11.3722563656894,5,1,429,327,244,0.907845827570492,34.6073069658614,117,74.1805901551347,1.75142121315002,"C3",1.79175946922805,1.38629436111989,"4",1.12108055129404,0.012872888720881,0.0415424560053851,0.0132583366813982,-1.46089210909428e-05,10,0.0132583366813982,0.00830154812654251,0.00839030453697949,0.0193471810089021,0.0415424560053851,0.029283287493933,0.00411149825783972,0.000735068912710567,0.000600895881131869,0.00315831030398736,0.537207318163013,-1.85512637708051
"Reiffenhausen","2016","barley",7,6.8112,238,8.66766793077642,65.7423021793365,11.3722563656894,5,1,429,327,244,0.907845827570492,34.6073069658614,117,74.1805901551347,1.75142121315002,"C3",1.79175946922805,1.94591014905531,"7",1.27561112264279,0.012872888720881,0.0415424560053851,0.0132583366813982,-1.46089210909428e-05,10,0.0132583366813982,0.00830154812654251,0.00839030453697949,0.0193471810089021,0.0415424560053851,0.029283287493933,0.00411149825783972,0.000735068912710567,0.000600895881131869,0.00315831030398736,0.537207318163013,-1.85512637708051
"Reiffenhausen","2017","rapeseed",1,1.943975,NA,8.24948598038067,69.1387712955475,11.9738796841015,6,2,429,327,244,0.907845827570492,34.6073069658614,117,74.1805901551347,1.75142121315002,"C3",1.94591014905531,0,"1",0.724064722186872,0.0535620461037279,0.152338811630847,0.152338811630847,-0.000102097776540693,10,0.152338811630847,0.0429955947136564,0.063575350823673,0.0706730319198727,0.0703373165935562,0.0460882296772551,0.0236816138581296,0.019711793339438,0.0220110915265896,0.0242076269542616,0.537207318163013,-1.96554189675808
"Reiffenhausen","2017","rapeseed",4,2.955625,NA,8.24948598038067,69.1387712955475,11.9738796841015,6,2,429,327,244,0.907845827570492,34.6073069658614,117,74.1805901551347,1.75142121315002,"C3",1.94591014905531,1.38629436111989,"4",1.10087001865434,0.0535620461037279,0.152338811630847,0.152338811630847,-0.000102097776540693,10,0.152338811630847,0.0429955947136564,0.063575350823673,0.0706730319198727,0.0703373165935562,0.0460882296772551,0.0236816138581296,0.019711793339438,0.0220110915265896,0.0242076269542616,0.537207318163013,-1.96554189675808
"Reiffenhausen","2017","rapeseed",7,3.154825,NA,8.24948598038067,69.1387712955475,11.9738796841015,6,2,429,327,244,0.907845827570492,34.6073069658614,117,74.1805901551347,1.75142121315002,"C3",1.94591014905531,1.94591014905531,"7",1.17506525915879,0.0535620461037279,0.152338811630847,0.152338811630847,-0.000102097776540693,10,0.152338811630847,0.0429955947136564,0.063575350823673,0.0706730319198727,0.0703373165935562,0.0460882296772551,0.0236816138581296,0.019711793339438,0.0220110915265896,0.0242076269542616,0.537207318163013,-1.96554189675808
"Vechta","2019","maize",1,22.3075,153,16.5575756072998,25.1058647632599,20.7829839706421,0,1,111,606,284,0.608923199914196,31.2926176909008,86,68.4590541371511,0.813842713832855,"C3",0,0,"1",0.987348775449985,0.0903983162829779,0.201448936667446,0.201448936667446,-0.000154492397027915,10,0.201448936667446,0.105542452830189,0.161307667491128,0.122989673269003,0.0469077202289543,0.0468350668647845,0.0858619798397519,0.05302614737612,0.0324976406384637,0.0475658776239393,-1.91871458476212,2.78491951882412
"Vechta","2019","maize",7,21.8175,153,16.5575756072998,25.1058647632599,20.7829839706421,0,1,111,606,284,0.608923199914196,31.2926176909008,86,68.4590541371511,0.813842713832855,"C3",0,1.94591014905531,"7",0.965660961935674,0.0903983162829779,0.201448936667446,0.201448936667446,-0.000154492397027915,10,0.201448936667446,0.105542452830189,0.161307667491128,0.122989673269003,0.0469077202289543,0.0468350668647845,0.0858619798397519,0.05302614737612,0.0324976406384637,0.0475658776239393,-1.91871458476212,2.78491951882412
"Vechta","2019","maize",24,23.655,153,16.5575756072998,25.1058647632599,20.7829839706421,0,1,111,606,284,0.608923199914196,31.2926176909008,86,68.4590541371511,0.813842713832855,"C3",0,3.17805383034795,"24",1.04699026261434,0.0903983162829779,0.201448936667446,0.201448936667446,-0.000154492397027915,10,0.201448936667446,0.105542452830189,0.161307667491128,0.122989673269003,0.0469077202289543,0.0468350668647845,0.0858619798397519,0.05302614737612,0.0324976406384637,0.0475658776239393,-1.91871458476212,2.78491951882412
"Vechta","2020","rye",1,4.61,180,10.6446338566867,69.2882543802261,14.636716929349,1,2,111,606,284,0.604226765285199,31.549865561558,83,68.647494581517,0.813842713832855,"C3",0.693147180559945,0,"1",0.893627332202568,0.0629643719772902,0.24959102594064,0.24959102594064,-0.000144374165509931,10,0.24959102594064,0.0571933962264151,0.0538767609420368,0.0789740985271711,0.0407650425799246,0.0180089153046062,0.0376324631687775,0.0254616931797404,0.0299536334167658,0.0381866904868245,-1.91871458476212,-1.00072921847188
"Vechta","2020","rye",4,5.25,180,10.6446338566867,69.2882543802261,14.636716929349,1,2,111,606,284,0.604226765285199,31.549865561558,83,68.647494581517,0.813842713832855,"C3",0.693147180559945,1.38629436111989,"4",1.01768839350618,0.0629643719772902,0.24959102594064,0.24959102594064,-0.000144374165509931,10,0.24959102594064,0.0571933962264151,0.0538767609420368,0.0789740985271711,0.0407650425799246,0.0180089153046062,0.0376324631687775,0.0254616931797404,0.0299536334167658,0.0381866904868245,-1.91871458476212,-1.00072921847188
"Vechta","2020","rye",7,5.31,180,10.6446338566867,69.2882543802261,14.636716929349,1,2,111,606,284,0.604226765285199,31.549865561558,83,68.647494581517,0.813842713832855,"C3",0.693147180559945,1.94591014905531,"7",1.02931911800339,0.0629643719772902,0.24959102594064,0.24959102594064,-0.000144374165509931,10,0.24959102594064,0.0571933962264151,0.0538767609420368,0.0789740985271711,0.0407650425799246,0.0180089153046062,0.0376324631687775,0.0254616931797404,0.0299536334167658,0.0381866904868245,-1.91871458476212,-1.00072921847188
"Vechta","2020","rye",24,5.465,180,10.6446338566867,69.2882543802261,14.636716929349,1,2,111,606,284,0.604226765285199,31.549865561558,83,68.647494581517,0.813842713832855,"C3",0.693147180559945,3.17805383034795,"24",1.05936515628786,0.0629643719772902,0.24959102594064,0.24959102594064,-0.000144374165509931,10,0.24959102594064,0.0571933962264151,0.0538767609420368,0.0789740985271711,0.0407650425799246,0.0180089153046062,0.0376324631687775,0.0254616931797404,0.0299536334167658,0.0381866904868245,-1.91871458476212,-1.00072921847188
"Vechta","2021","potato",1,9.46145,131,13.9700237001692,46.8125598430634,16.1439672197614,2,3,111,606,284,0.586367412399522,30.0451417153852,83,69.6203824538026,0.813842713832855,"C3",1.09861228866811,0,"1",0.880403611567484,0.0629643719772902,0.24959102594064,0.24959102594064,-0.000144374165509931,10,0.24959102594064,0.0571933962264151,0.0538767609420368,0.0789740985271711,0.0407650425799246,0.0180089153046062,0.0376324631687775,0.0254616931797404,0.0299536334167658,0.0381866904868245,-1.91871458476212,0.737072307989662
"Vechta","2021","potato",4,11.66875,131,13.9700237001692,46.8125598430634,16.1439672197614,2,3,111,606,284,0.586367412399522,30.0451417153852,83,69.6203824538026,0.813842713832855,"C3",1.09861228866811,1.38629436111989,"4",1.0857965367336,0.0629643719772902,0.24959102594064,0.24959102594064,-0.000144374165509931,10,0.24959102594064,0.0571933962264151,0.0538767609420368,0.0789740985271711,0.0407650425799246,0.0180089153046062,0.0376324631687775,0.0254616931797404,0.0299536334167658,0.0381866904868245,-1.91871458476212,0.737072307989662
"Vechta","2021","potato",7,10.507275,131,13.9700237001692,46.8125598430634,16.1439672197614,2,3,111,606,284,0.586367412399522,30.0451417153852,83,69.6203824538026,0.813842713832855,"C3",1.09861228866811,1.94591014905531,"7",0.977719362014568,0.0629643719772902,0.24959102594064,0.24959102594064,-0.000144374165509931,10,0.24959102594064,0.0571933962264151,0.0538767609420368,0.0789740985271711,0.0407650425799246,0.0180089153046062,0.0376324631687775,0.0254616931797404,0.0299536334167658,0.0381866904868245,-1.91871458476212,0.737072307989662
"Vechta","2021","potato",24,11.3494,131,13.9700237001692,46.8125598430634,16.1439672197614,2,3,111,606,284,0.586367412399522,30.0451417153852,83,69.6203824538026,0.813842713832855,"C3",1.09861228866811,3.17805383034795,"24",1.05608048968435,0.0629643719772902,0.24959102594064,0.24959102594064,-0.000144374165509931,10,0.24959102594064,0.0571933962264151,0.0538767609420368,0.0789740985271711,0.0407650425799246,0.0180089153046062,0.0376324631687775,0.0254616931797404,0.0299536334167658,0.0381866904868245,-1.91871458476212,0.737072307989662
"Vechta","2022","rye",1,5.77,178,9.42020201683044,44.7807260751724,14.823323753145,3,4,111,606,284,0.61202267947947,31.747206393843,82,68.2755298955165,0.813842713832855,"C3",1.38629436111989,0,"1",0.942136952750281,0.0629643719772902,0.24959102594064,0.24959102594064,-0.000144374165509931,10,0.24959102594064,0.0571933962264151,0.0538767609420368,0.0789740985271711,0.0407650425799246,0.0180089153046062,0.0376324631687775,0.0254616931797404,0.0299536334167658,0.0381866904868245,-1.91871458476212,-0.43812367770438
"Vechta","2022","rye",4,5.8975,178,9.42020201683044,44.7807260751724,14.823323753145,3,4,111,606,284,0.61202267947947,31.747206393843,82,68.2755298955165,0.813842713832855,"C3",1.38629436111989,1.38629436111989,"4",0.962955403612613,0.0629643719772902,0.24959102594064,0.24959102594064,-0.000144374165509931,10,0.24959102594064,0.0571933962264151,0.0538767609420368,0.0789740985271711,0.0407650425799246,0.0180089153046062,0.0376324631687775,0.0254616931797404,0.0299536334167658,0.0381866904868245,-1.91871458476212,-0.43812367770438
"Vechta","2022","rye",7,6.045,178,9.42020201683044,44.7807260751724,14.823323753145,3,4,111,606,284,0.61202267947947,31.747206393843,82,68.2755298955165,0.813842713832855,"C3",1.38629436111989,1.94591014905531,"7",0.987039493825901,0.0629643719772902,0.24959102594064,0.24959102594064,-0.000144374165509931,10,0.24959102594064,0.0571933962264151,0.0538767609420368,0.0789740985271711,0.0407650425799246,0.0180089153046062,0.0376324631687775,0.0254616931797404,0.0299536334167658,0.0381866904868245,-1.91871458476212,-0.43812367770438
"Vechta","2022","rye",24,6.785,178,9.42020201683044,44.7807260751724,14.823323753145,3,4,111,606,284,0.61202267947947,31.747206393843,82,68.2755298955165,0.813842713832855,"C3",1.38629436111989,3.17805383034795,"24",1.10786814981121,0.0629643719772902,0.24959102594064,0.24959102594064,-0.000144374165509931,10,0.24959102594064,0.0571933962264151,0.0538767609420368,0.0789740985271711,0.0407650425799246,0.0180089153046062,0.0376324631687775,0.0254616931797404,0.0299536334167658,0.0381866904868245,-1.91871458476212,-0.43812367770438
"Vechta","2023","rapeseed",1,2.16025,NA,10.0454545888034,71.5512030124664,14.1998981129039,4,5,111,606,284,0.612682671880059,31.8846401877557,91,68.2252634615808,0.813842713832855,"C3",1.6094379124341,0,"1",0.805105867554914,0.0629643719772902,0.24959102594064,0.24959102594064,-0.000144374165509931,10,0.24959102594064,0.0571933962264151,0.0538767609420368,0.0789740985271711,0.0407650425799246,0.0180089153046062,0.0376324631687775,0.0254616931797404,0.0299536334167658,0.0381866904868245,-1.91871458476212,-1.28131516327634
"Vechta","2023","rapeseed",4,2.9025,NA,10.0454545888034,71.5512030124664,14.1998981129039,4,5,111,606,284,0.612682671880059,31.8846401877557,91,68.2252634615808,0.813842713832855,"C3",1.6094379124341,1.38629436111989,"4",1.08173580862314,0.0629643719772902,0.24959102594064,0.24959102594064,-0.000144374165509931,10,0.24959102594064,0.0571933962264151,0.0538767609420368,0.0789740985271711,0.0407650425799246,0.0180089153046062,0.0376324631687775,0.0254616931797404,0.0299536334167658,0.0381866904868245,-1.91871458476212,-1.28131516327634
"Vechta","2023","rapeseed",7,3.04,NA,10.0454545888034,71.5512030124664,14.1998981129039,4,5,111,606,284,0.612682671880059,31.8846401877557,91,68.2252634615808,0.813842713832855,"C3",1.6094379124341,1.94591014905531,"7",1.13298082970348,0.0629643719772902,0.24959102594064,0.24959102594064,-0.000144374165509931,10,0.24959102594064,0.0571933962264151,0.0538767609420368,0.0789740985271711,0.0407650425799246,0.0180089153046062,0.0376324631687775,0.0254616931797404,0.0299536334167658,0.0381866904868245,-1.91871458476212,-1.28131516327634
"Vechta","2023","rapeseed",24,2.63,NA,10.0454545888034,71.5512030124664,14.1998981129039,4,5,111,606,284,0.612682671880059,31.8846401877557,91,68.2252634615808,0.813842713832855,"C3",1.6094379124341,3.17805383034795,"24",0.980177494118469,0.0629643719772902,0.24959102594064,0.24959102594064,-0.000144374165509931,10,0.24959102594064,0.0571933962264151,0.0538767609420368,0.0789740985271711,0.0407650425799246,0.0180089153046062,0.0376324631687775,0.0254616931797404,0.0299536334167658,0.0381866904868245,-1.91871458476212,-1.28131516327634
"Wendhausen","2016","rapeseed",1,0.8154,221,9.82688056880778,58.1767680644989,12.9055735414678,8,3,195,462,343,0.998917382956262,27.8951430172283,117,72.2060109384775,1.43116167653352,"C3",2.19722457733622,0,"1",0.329773493050096,0.0223079609225132,0.0444414787134659,0.0444414787134659,-1.58282306675348e-05,10,0.0444414787134659,0.0202052258542262,0.0272370144041903,0.0233390500335545,0.0150864871894915,0.00212802668660493,0.0340973767268588,0.017728999577881,0.0204379562043796,0.0183779938344795,-0.731059045388909,-1.09650090223406
"Wendhausen","2016","rapeseed",4,2.659275,221,9.82688056880778,58.1767680644989,12.9055735414678,8,3,195,462,343,0.998917382956262,27.8951430172283,117,72.2060109384775,1.43116167653352,"C3",2.19722457733622,1.38629436111989,"4",1.0754947335428,0.0223079609225132,0.0444414787134659,0.0444414787134659,-1.58282306675348e-05,10,0.0444414787134659,0.0202052258542262,0.0272370144041903,0.0233390500335545,0.0150864871894915,0.00212802668660493,0.0340973767268588,0.017728999577881,0.0204379562043796,0.0183779938344795,-0.731059045388909,-1.09650090223406
"Wendhausen","2016","rapeseed",7,3.078025,221,9.82688056880778,58.1767680644989,12.9055735414678,8,3,195,462,343,0.998917382956262,27.8951430172283,117,72.2060109384775,1.43116167653352,"C3",2.19722457733622,1.94591014905531,"7",1.24485044879265,0.0223079609225132,0.0444414787134659,0.0444414787134659,-1.58282306675348e-05,10,0.0444414787134659,0.0202052258542262,0.0272370144041903,0.0233390500335545,0.0150864871894915,0.00212802668660493,0.0340973767268588,0.017728999577881,0.0204379562043796,0.0183779938344795,-0.731059045388909,-1.09650090223406
"Wendhausen","2016","rapeseed",24,3.337725,221,9.82688056880778,58.1767680644989,12.9055735414678,8,3,195,462,343,0.998917382956262,27.8951430172283,117,72.2060109384775,1.43116167653352,"C3",2.19722457733622,3.17805383034795,"24",1.34988132461446,0.0223079609225132,0.0444414787134659,0.0444414787134659,-1.58282306675348e-05,10,0.0444414787134659,0.0202052258542262,0.0272370144041903,0.0233390500335545,0.0150864871894915,0.00212802668660493,0.0340973767268588,0.017728999577881,0.0204379562043796,0.0183779938344795,-0.731059045388909,-1.09650090223406
"Wendhausen","2017","wheat",1,3.294075,221,8.54963045120239,60.1961171627045,11.6759608268738,9,4,195,462,343,0.998917382956262,27.8951430172283,117,72.2060109384775,1.43116167653352,"C3",2.30258509299405,0,"1",0.601777065307493,0.0229422434823851,0.0368442456283042,0.0332072299285414,5.04221898469275e-06,10,0.0332072299285414,0.0141348632244117,0.0262723521320495,0.0184804928131417,0.0186529026982829,0.00344109390564158,0.0368442456283042,0.0199306119436038,0.0266464032421479,0.0318122393077258,-0.731059045388909,-1.64982363660393
"Wendhausen","2017","wheat",4,5.4432,221,8.54963045120239,60.1961171627045,11.6759608268738,9,4,195,462,343,0.998917382956262,27.8951430172283,117,72.2060109384775,1.43116167653352,"C3",2.30258509299405,1.38629436111989,"4",0.9943892965041,0.0229422434823851,0.0368442456283042,0.0332072299285414,5.04221898469275e-06,10,0.0332072299285414,0.0141348632244117,0.0262723521320495,0.0184804928131417,0.0186529026982829,0.00344109390564158,0.0368442456283042,0.0199306119436038,0.0266464032421479,0.0318122393077258,-0.731059045388909,-1.64982363660393
"Wendhausen","2017","wheat",7,6.130375,221,8.54963045120239,60.1961171627045,11.6759608268738,9,4,195,462,343,0.998917382956262,27.8951430172283,117,72.2060109384775,1.43116167653352,"C3",2.30258509299405,1.94591014905531,"7",1.11992564733178,0.0229422434823851,0.0368442456283042,0.0332072299285414,5.04221898469275e-06,10,0.0332072299285414,0.0141348632244117,0.0262723521320495,0.0184804928131417,0.0186529026982829,0.00344109390564158,0.0368442456283042,0.0199306119436038,0.0266464032421479,0.0318122393077258,-0.731059045388909,-1.64982363660393
"Wendhausen","2017","wheat",24,7.028,221,8.54963045120239,60.1961171627045,11.6759608268738,9,4,195,462,343,0.998917382956262,27.8951430172283,117,72.2060109384775,1.43116167653352,"C3",2.30258509299405,3.17805383034795,"24",1.28390799085663,0.0229422434823851,0.0368442456283042,0.0332072299285414,5.04221898469275e-06,10,0.0332072299285414,0.0141348632244117,0.0262723521320495,0.0184804928131417,0.0186529026982829,0.00344109390564158,0.0368442456283042,0.0199306119436038,0.0266464032421479,0.0318122393077258,-0.731059045388909,-1.64982363660393
"Wendhausen","2019","maize",1,0.500017592945365,101,15.3994718279157,34.302446603775,20.7492836543492,11,6,195,462,343,0.997402379325558,24.9350722574416,68,66.6868589048464,1.43116167653352,"C3",2.484906649788,0,"1",0.0517693440379516,0.0229422434823851,0.0368442456283042,0.0332072299285414,5.04221898469275e-06,10,0.0332072299285414,0.0141348632244117,0.0262723521320495,0.0184804928131417,0.0186529026982829,0.00344109390564158,0.0368442456283042,0.0199306119436038,0.0266464032421479,0.0318122393077258,-0.731059045388909,2.21328707521677
"Wendhausen","2019","maize",4,9.73513682700914,101,15.3994718279157,34.302446603775,20.7492836543492,11,6,195,462,343,0.997402379325558,24.9350722574416,68,66.6868589048464,1.43116167653352,"C3",2.484906649788,1.38629436111989,"4",1.00792783046943,0.0229422434823851,0.0368442456283042,0.0332072299285414,5.04221898469275e-06,10,0.0332072299285414,0.0141348632244117,0.0262723521320495,0.0184804928131417,0.0186529026982829,0.00344109390564158,0.0368442456283042,0.0199306119436038,0.0266464032421479,0.0318122393077258,-0.731059045388909,2.21328707521677
"Wendhausen","2019","maize",7,12.0288177952157,101,15.3994718279157,34.302446603775,20.7492836543492,11,6,195,462,343,0.997402379325558,24.9350722574416,68,66.6868589048464,1.43116167653352,"C3",2.484906649788,1.94591014905531,"7",1.24540419296486,0.0229422434823851,0.0368442456283042,0.0332072299285414,5.04221898469275e-06,10,0.0332072299285414,0.0141348632244117,0.0262723521320495,0.0184804928131417,0.0186529026982829,0.00344109390564158,0.0368442456283042,0.0199306119436038,0.0266464032421479,0.0318122393077258,-0.731059045388909,2.21328707521677
"Wendhausen","2019","maize",24,16.3702892179132,101,15.3994718279157,34.302446603775,20.7492836543492,11,6,195,462,343,0.997402379325558,24.9350722574416,68,66.6868589048464,1.43116167653352,"C3",2.484906649788,3.17805383034795,"24",1.69489863252776,0.0229422434823851,0.0368442456283042,0.0332072299285414,5.04221898469275e-06,10,0.0332072299285414,0.0141348632244117,0.0262723521320495,0.0184804928131417,0.0186529026982829,0.00344109390564158,0.0368442456283042,0.0199306119436038,0.0266464032421479,0.0318122393077258,-0.731059045388909,2.21328707521677
"Wendhausen","2020","maize",1,0.762302831602011,148,15.7827172279358,24.6593978404999,23.7414271036784,12,7,195,462,343,0.997647327254377,25.2416510147052,70,66.6501279567674,1.43116167653352,"C3",2.56494935746154,0,"1",0.061264718019725,0.0585277362390833,0.0900588482555696,0.0900588482555696,-4.54708513581318e-06,10,0.0900588482555696,0.0604473268479255,0.0640302613480055,0.037430331475506,0.035210547833197,0.0162093633976274,0.0890605937372916,0.0659924706577102,0.0643026004728132,0.0625350183651871,-0.731059045388909,3.09893801095852
"Wendhausen","2020","maize",4,9.74935370014749,148,15.7827172279358,24.6593978404999,23.7414271036784,12,7,195,462,343,0.997647327254377,25.2416510147052,70,66.6501279567674,1.43116167653352,"C3",2.56494935746154,1.38629436111989,"4",0.783535598390558,0.0585277362390833,0.0900588482555696,0.0900588482555696,-4.54708513581318e-06,10,0.0900588482555696,0.0604473268479255,0.0640302613480055,0.037430331475506,0.035210547833197,0.0162093633976274,0.0890605937372916,0.0659924706577102,0.0643026004728132,0.0625350183651871,-0.731059045388909,3.09893801095852
"Wendhausen","2020","maize",7,16.5786916354892,148,15.7827172279358,24.6593978404999,23.7414271036784,12,7,195,462,343,0.997647327254377,25.2416510147052,70,66.6501279567674,1.43116167653352,"C3",2.56494935746154,1.94591014905531,"7",1.33239550750416,0.0585277362390833,0.0900588482555696,0.0900588482555696,-4.54708513581318e-06,10,0.0900588482555696,0.0604473268479255,0.0640302613480055,0.037430331475506,0.035210547833197,0.0162093633976274,0.0890605937372916,0.0659924706577102,0.0643026004728132,0.0625350183651871,-0.731059045388909,3.09893801095852
"Wendhausen","2020","maize",24,22.6807341941672,148,15.7827172279358,24.6593978404999,23.7414271036784,12,7,195,462,343,0.997647327254377,25.2416510147052,70,66.6501279567674,1.43116167653352,"C3",2.56494935746154,3.17805383034795,"24",1.82280417608555,0.0585277362390833,0.0900588482555696,0.0900588482555696,-4.54708513581318e-06,10,0.0900588482555696,0.0604473268479255,0.0640302613480055,0.037430331475506,0.035210547833197,0.0162093633976274,0.0890605937372916,0.0659924706577102,0.0643026004728132,0.0625350183651871,-0.731059045388909,3.09893801095852
"Wendhausen","2021","barley",1,3.367382805,100,12.5795068740845,25.2381217479706,18.3604169845581,13,0,195,462,343,0.998791526035269,25.7631872914295,92,66.5664896104385,1.43116167653352,"C3",2.63905732961526,0,"1",0.690197267784221,0.0585277362390833,0.0900588482555696,0.0900588482555696,-4.54708513581318e-06,10,0.0900588482555696,0.0604473268479255,0.0640302613480055,0.037430331475506,0.035210547833197,0.0162093633976274,0.0890605937372916,0.0659924706577102,0.0643026004728132,0.0625350183651871,-0.731059045388909,1.49086046026413
"Wendhausen","2021","barley",4,5.1251108895,100,12.5795068740845,25.2381217479706,18.3604169845581,13,0,195,462,343,0.998791526035269,25.7631872914295,92,66.5664896104385,1.43116167653352,"C3",2.63905732961526,1.38629436111989,"4",1.0504708665055,0.0585277362390833,0.0900588482555696,0.0900588482555696,-4.54708513581318e-06,10,0.0900588482555696,0.0604473268479255,0.0640302613480055,0.037430331475506,0.035210547833197,0.0162093633976274,0.0890605937372916,0.0659924706577102,0.0643026004728132,0.0625350183651871,-0.731059045388909,1.49086046026413
"Wendhausen","2021","barley",7,5.82479515675,100,12.5795068740845,25.2381217479706,18.3604169845581,13,0,195,462,343,0.998791526035269,25.7631872914295,92,66.5664896104385,1.43116167653352,"C3",2.63905732961526,1.94591014905531,"7",1.19388199542452,0.0585277362390833,0.0900588482555696,0.0900588482555696,-4.54708513581318e-06,10,0.0900588482555696,0.0604473268479255,0.0640302613480055,0.037430331475506,0.035210547833197,0.0162093633976274,0.0890605937372916,0.0659924706577102,0.0643026004728132,0.0625350183651871,-0.731059045388909,1.49086046026413
"Wendhausen","2021","barley",24,5.198191503,100,12.5795068740845,25.2381217479706,18.3604169845581,13,0,195,462,343,0.998791526035269,25.7631872914295,92,66.5664896104385,1.43116167653352,"C3",2.63905732961526,3.17805383034795,"24",1.06544987028576,0.0585277362390833,0.0900588482555696,0.0900588482555696,-4.54708513581318e-06,10,0.0900588482555696,0.0604473268479255,0.0640302613480055,0.037430331475506,0.035210547833197,0.0162093633976274,0.0890605937372916,0.0659924706577102,0.0643026004728132,0.0625350183651871,-0.731059045388909,1.49086046026413
"Wendhausen","2022","rapeseed",1,1.70382605819689,160,10.2086987061934,41.070786178112,14.8551848368211,14,1,195,462,343,0.996258849892165,26.0591943674082,77,66.6331480249542,1.43116167653352,"C3",2.70805020110221,0,"1",0.495443920073276,0.0585277362390833,0.0900588482555696,0.0900588482555696,-4.54708513581318e-06,10,0.0900588482555696,0.0604473268479255,0.0640302613480055,0.037430331475506,0.035210547833197,0.0162093633976274,0.0890605937372916,0.0659924706577102,0.0643026004728132,0.0625350183651871,-0.731059045388909,-0.131824253983023
"Wendhausen","2022","rapeseed",4,3.737719263775,160,10.2086987061934,41.070786178112,14.8551848368211,14,1,195,462,343,0.996258849892165,26.0591943674082,77,66.6331480249542,1.43116167653352,"C3",2.70805020110221,1.38629436111989,"4",1.08686580726311,0.0585277362390833,0.0900588482555696,0.0900588482555696,-4.54708513581318e-06,10,0.0900588482555696,0.0604473268479255,0.0640302613480055,0.037430331475506,0.035210547833197,0.0162093633976274,0.0890605937372916,0.0659924706577102,0.0643026004728132,0.0625350183651871,-0.731059045388909,-0.131824253983023
"Wendhausen","2022","rapeseed",7,4.14175259915533,160,10.2086987061934,41.070786178112,14.8551848368211,14,1,195,462,343,0.996258849892165,26.0591943674082,77,66.6331480249542,1.43116167653352,"C3",2.70805020110221,1.94591014905531,"7",1.20435189603261,0.0585277362390833,0.0900588482555696,0.0900588482555696,-4.54708513581318e-06,10,0.0900588482555696,0.0604473268479255,0.0640302613480055,0.037430331475506,0.035210547833197,0.0162093633976274,0.0890605937372916,0.0659924706577102,0.0643026004728132,0.0625350183651871,-0.731059045388909,-0.131824253983023
"Wendhausen","2022","rapeseed",24,4.17265700466858,160,10.2086987061934,41.070786178112,14.8551848368211,14,1,195,462,343,0.996258849892165,26.0591943674082,77,66.6331480249542,1.43116167653352,"C3",2.70805020110221,3.17805383034795,"24",1.213338376631,0.0585277362390833,0.0900588482555696,0.0900588482555696,-4.54708513581318e-06,10,0.0900588482555696,0.0604473268479255,0.0640302613480055,0.037430331475506,0.035210547833197,0.0162093633976274,0.0890605937372916,0.0659924706577102,0.0643026004728132,0.0625350183651871,-0.731059045388909,-0.131824253983023
"Wendhausen","2023","maize",1,2.22606994712131,139,15.949383576711,34.732590675354,22.5159171422323,15,2,195,462,343,1.02169972519879,28.6985907948847,95,65.6288504378444,1.43116167653352,"C3",2.77258872223978,0,"1",0.19764195051894,0.0585277362390833,0.0900588482555696,0.0900588482555696,-4.54708513581318e-06,10,0.0900588482555696,0.0604473268479255,0.0640302613480055,0.037430331475506,0.035210547833197,0.0162093633976274,0.0890605937372916,0.0659924706577102,0.0643026004728132,0.0625350183651871,-0.731059045388909,2.60710834889227
"Wendhausen","2023","maize",4,8.62820310438124,139,15.949383576711,34.732590675354,22.5159171422323,15,2,195,462,343,1.02169972519879,28.6985907948847,95,65.6288504378444,1.43116167653352,"C3",2.77258872223978,1.38629436111989,"4",0.766056292718348,0.0585277362390833,0.0900588482555696,0.0900588482555696,-4.54708513581318e-06,10,0.0900588482555696,0.0604473268479255,0.0640302613480055,0.037430331475506,0.035210547833197,0.0162093633976274,0.0890605937372916,0.0659924706577102,0.0643026004728132,0.0625350183651871,-0.731059045388909,2.60710834889227
"Wendhausen","2023","maize",7,16.7312810209424,139,15.949383576711,34.732590675354,22.5159171422323,15,2,195,462,343,1.02169972519879,28.6985907948847,95,65.6288504378444,1.43116167653352,"C3",2.77258872223978,1.94591014905531,"7",1.48548926772756,0.0585277362390833,0.0900588482555696,0.0900588482555696,-4.54708513581318e-06,10,0.0900588482555696,0.0604473268479255,0.0640302613480055,0.037430331475506,0.035210547833197,0.0162093633976274,0.0890605937372916,0.0659924706577102,0.0643026004728132,0.0625350183651871,-0.731059045388909,2.60710834889227
"Wendhausen","2023","maize",24,17.4670259345104,139,15.949383576711,34.732590675354,22.5159171422323,15,2,195,462,343,1.02169972519879,28.6985907948847,95,65.6288504378444,1.43116167653352,"C3",2.77258872223978,3.17805383034795,"24",1.55081248903515,0.0585277362390833,0.0900588482555696,0.0900588482555696,-4.54708513581318e-06,10,0.0900588482555696,0.0604473268479255,0.0640302613480055,0.037430331475506,0.035210547833197,0.0162093633976274,0.0890605937372916,0.0659924706577102,0.0643026004728132,0.0625350183651871,-0.731059045388909,2.60710834889227
