"swf_d100","swf_d200","swf_d300","swf_d400","swf_d500","swf_d600","swf_d700","swf_d800","swf_d900","swf_d1000"
0.00400262467191601,0.000811641254565482,0.00416731781007449,0.00575933531605532,0.00120903320523338,0.000557147405284941,0.00265555268690296,0.000824912353062487,0.00431395273968192,0.0084773986496715
0.00400262467191601,0.000811641254565482,0.00416731781007449,0.00575933531605532,0.00120903320523338,0.000557147405284941,0.00265555268690296,0.000824912353062487,0.00431395273968192,0.0084773986496715
0.00400262467191601,0.000811641254565482,0.00416731781007449,0.00575933531605532,0.00120903320523338,0.000557147405284941,0.00265555268690296,0.000824912353062487,0.00431395273968192,0.0084773986496715
0.00400262467191601,0.000811641254565482,0.00416731781007449,0.00575933531605532,0.00120903320523338,0.000557147405284941,0.00265555268690296,0.000824912353062487,0.00431395273968192,0.0084773986496715
0.0390165962271931,0.0210511895520343,0.0132743362831858,0.01811970889648,0.015114462332722,0.0161229728883601,0.0271862124992746,0.0261513914054683,0.0214479248436353,0.0274615347973134
0.0390165962271931,0.0210511895520343,0.0132743362831858,0.01811970889648,0.015114462332722,0.0161229728883601,0.0271862124992746,0.0261513914054683,0.0214479248436353,0.0274615347973134
0.0390165962271931,0.0210511895520343,0.0132743362831858,0.01811970889648,0.015114462332722,0.0161229728883601,0.0271862124992746,0.0261513914054683,0.0214479248436353,0.0274615347973134
0.0390165962271931,0.0210511895520343,0.0132743362831858,0.01811970889648,0.015114462332722,0.0161229728883601,0.0271862124992746,0.0261513914054683,0.0214479248436353,0.0274615347973134
0.0390165962271931,0.0210511895520343,0.0132743362831858,0.01811970889648,0.015114462332722,0.0161229728883601,0.0271862124992746,0.0261513914054683,0.0214479248436353,0.0274615347973134
0.0390165962271931,0.0210511895520343,0.0132743362831858,0.01811970889648,0.015114462332722,0.0161229728883601,0.0271862124992746,0.0261513914054683,0.0214479248436353,0.0274615347973134
0.0390165962271931,0.0210511895520343,0.0132743362831858,0.01811970889648,0.015114462332722,0.0161229728883601,0.0271862124992746,0.0261513914054683,0.0214479248436353,0.0274615347973134
0.0390165962271931,0.0210511895520343,0.0132743362831858,0.01811970889648,0.015114462332722,0.0161229728883601,0.0271862124992746,0.0261513914054683,0.0214479248436353,0.0274615347973134
0.0390165962271931,0.0210511895520343,0.0132743362831858,0.01811970889648,0.015114462332722,0.0161229728883601,0.0271862124992746,0.0261513914054683,0.0214479248436353,0.0274615347973134
0.0390165962271931,0.0210511895520343,0.0132743362831858,0.01811970889648,0.015114462332722,0.0161229728883601,0.0271862124992746,0.0261513914054683,0.0214479248436353,0.0274615347973134
0.0390165962271931,0.0210511895520343,0.0132743362831858,0.01811970889648,0.015114462332722,0.0161229728883601,0.0271862124992746,0.0261513914054683,0.0214479248436353,0.0274615347973134
0.0390165962271931,0.0210511895520343,0.0132743362831858,0.01811970889648,0.015114462332722,0.0161229728883601,0.0271862124992746,0.0261513914054683,0.0214479248436353,0.0274615347973134
0.0459746417895062,0.0160281291383168,0.0190511307767945,0.0278107827120154,0.0224509204537735,0.0366915033498215,0.0460453780537341,0.0413770722340915,0.0370210934136892,0.0289382175010718
0.0459746417895062,0.0160281291383168,0.0190511307767945,0.0278107827120154,0.0224509204537735,0.0366915033498215,0.0460453780537341,0.0413770722340915,0.0370210934136892,0.0289382175010718
0.0459746417895062,0.0160281291383168,0.0190511307767945,0.0278107827120154,0.0224509204537735,0.0366915033498215,0.0460453780537341,0.0413770722340915,0.0370210934136892,0.0289382175010718
0.0459746417895062,0.0160281291383168,0.0190511307767945,0.0278107827120154,0.0224509204537735,0.0366915033498215,0.0460453780537341,0.0413770722340915,0.0370210934136892,0.0289382175010718
0.0459746417895062,0.0160281291383168,0.0190511307767945,0.0278107827120154,0.0224509204537735,0.0366915033498215,0.0460453780537341,0.0413770722340915,0.0370210934136892,0.0289382175010718
0.0459746417895062,0.0160281291383168,0.0190511307767945,0.0278107827120154,0.0224509204537735,0.0366915033498215,0.0460453780537341,0.0413770722340915,0.0370210934136892,0.0289382175010718
0.0459746417895062,0.0160281291383168,0.0190511307767945,0.0278107827120154,0.0224509204537735,0.0366915033498215,0.0460453780537341,0.0413770722340915,0.0370210934136892,0.0289382175010718
0.0459746417895062,0.0160281291383168,0.0190511307767945,0.0278107827120154,0.0224509204537735,0.0366915033498215,0.0460453780537341,0.0413770722340915,0.0370210934136892,0.0289382175010718
0.0459746417895062,0.0160281291383168,0.0190511307767945,0.0278107827120154,0.0224509204537735,0.0366915033498215,0.0460453780537341,0.0413770722340915,0.0370210934136892,0.0289382175010718
0.0459746417895062,0.0160281291383168,0.0190511307767945,0.0278107827120154,0.0224509204537735,0.0366915033498215,0.0460453780537341,0.0413770722340915,0.0370210934136892,0.0289382175010718
0.0459746417895062,0.0160281291383168,0.0190511307767945,0.0278107827120154,0.0224509204537735,0.0366915033498215,0.0460453780537341,0.0413770722340915,0.0370210934136892,0.0289382175010718
0.0459746417895062,0.0160281291383168,0.0190511307767945,0.0278107827120154,0.0224509204537735,0.0366915033498215,0.0460453780537341,0.0413770722340915,0.0370210934136892,0.0289382175010718
0.0459746417895062,0.0160281291383168,0.0190511307767945,0.0278107827120154,0.0224509204537735,0.0366915033498215,0.0460453780537341,0.0413770722340915,0.0370210934136892,0.0289382175010718
0.0459746417895062,0.0160281291383168,0.0190511307767945,0.0278107827120154,0.0224509204537735,0.0366915033498215,0.0460453780537341,0.0413770722340915,0.0370210934136892,0.0289382175010718
0.0459746417895062,0.0160281291383168,0.0190511307767945,0.0278107827120154,0.0224509204537735,0.0366915033498215,0.0460453780537341,0.0413770722340915,0.0370210934136892,0.0289382175010718
0.0459746417895062,0.0160281291383168,0.0190511307767945,0.0278107827120154,0.0224509204537735,0.0366915033498215,0.0460453780537341,0.0413770722340915,0.0370210934136892,0.0289382175010718
0.0459746417895062,0.0160281291383168,0.0190511307767945,0.0278107827120154,0.0224509204537735,0.0366915033498215,0.0460453780537341,0.0413770722340915,0.0370210934136892,0.0289382175010718
0.0459746417895062,0.0160281291383168,0.0190511307767945,0.0278107827120154,0.0224509204537735,0.0366915033498215,0.0460453780537341,0.0413770722340915,0.0370210934136892,0.0289382175010718
0.0459746417895062,0.0160281291383168,0.0190511307767945,0.0278107827120154,0.0224509204537735,0.0366915033498215,0.0460453780537341,0.0413770722340915,0.0370210934136892,0.0289382175010718
0.0206482395524844,0.0355954992569528,0.0309259144258834,0.0787144595641111,0.0619111709286676,0.0499591614484073,0.0485610761734205,0.0632190542152449,0.0425326417456627,0.0263245807443041
0.0206482395524844,0.0355954992569528,0.0309259144258834,0.0787144595641111,0.0619111709286676,0.0499591614484073,0.0485610761734205,0.0632190542152449,0.0425326417456627,0.0263245807443041
0.0206482395524844,0.0355954992569528,0.0309259144258834,0.0787144595641111,0.0619111709286676,0.0499591614484073,0.0485610761734205,0.0632190542152449,0.0425326417456627,0.0263245807443041
0.0206482395524844,0.0355954992569528,0.0309259144258834,0.0787144595641111,0.0619111709286676,0.0499591614484073,0.0485610761734205,0.0632190542152449,0.0425326417456627,0.0263245807443041
0.0209047958060967,0.0291462327240303,0.019047619047619,0.0310475279384268,0.0400564949586096,0.0396343640648432,0.0379323899371069,0.0501907125991403,0.0333492809501027,0.0294875164257556
0.0209047958060967,0.0291462327240303,0.019047619047619,0.0310475279384268,0.0400564949586096,0.0396343640648432,0.0379323899371069,0.0501907125991403,0.0333492809501027,0.0294875164257556
0.0209047958060967,0.0291462327240303,0.019047619047619,0.0310475279384268,0.0400564949586096,0.0396343640648432,0.0379323899371069,0.0501907125991403,0.0333492809501027,0.0294875164257556
0.0209047958060967,0.0291462327240303,0.019047619047619,0.0310475279384268,0.0400564949586096,0.0396343640648432,0.0379323899371069,0.0501907125991403,0.0333492809501027,0.0294875164257556
0.0209047958060967,0.0291462327240303,0.019047619047619,0.0310475279384268,0.0400564949586096,0.0396343640648432,0.0379323899371069,0.0501907125991403,0.0333492809501027,0.0294875164257556
0.0209047958060967,0.0291462327240303,0.019047619047619,0.0310475279384268,0.0400564949586096,0.0396343640648432,0.0379323899371069,0.0501907125991403,0.0333492809501027,0.0294875164257556
0.0209047958060967,0.0291462327240303,0.019047619047619,0.0310475279384268,0.0400564949586096,0.0396343640648432,0.0379323899371069,0.0501907125991403,0.0333492809501027,0.0294875164257556
0.0209047958060967,0.0291462327240303,0.019047619047619,0.0310475279384268,0.0400564949586096,0.0396343640648432,0.0379323899371069,0.0501907125991403,0.0333492809501027,0.0294875164257556
0.00576014497443531,0.0213999108337049,0.0487912087912088,0.0513110405705092,0.0689709286358821,0.0723059344426194,0.0588312368972746,0.0633286916510262,0.0568204204542256,0.0569776609724047
0.00576014497443531,0.0213999108337049,0.0487912087912088,0.0513110405705092,0.0689709286358821,0.0723059344426194,0.0588312368972746,0.0633286916510262,0.0568204204542256,0.0569776609724047
0.00576014497443531,0.0213999108337049,0.0487912087912088,0.0513110405705092,0.0689709286358821,0.0723059344426194,0.0588312368972746,0.0633286916510262,0.0568204204542256,0.0569776609724047
0.00576014497443531,0.0213999108337049,0.0487912087912088,0.0513110405705092,0.0689709286358821,0.0723059344426194,0.0588312368972746,0.0633286916510262,0.0568204204542256,0.0569776609724047
0.0594128287185196,0.0974427717055063,0.140623721044446,0.0919220055710306,0.057537265819848,0.0739634485900876,0.10200323392023,0.0783981268418715,0.053731124468553,0.0293031686358754
0.0594128287185196,0.0974427717055063,0.140623721044446,0.0919220055710306,0.057537265819848,0.0739634485900876,0.10200323392023,0.0783981268418715,0.053731124468553,0.0293031686358754
0.0594128287185196,0.0974427717055063,0.140623721044446,0.0919220055710306,0.057537265819848,0.0739634485900876,0.10200323392023,0.0783981268418715,0.053731124468553,0.0293031686358754
0,0.0221614620808749,0.00873362445414847,0.00439923013472642,0.0162116040955631,0.0414675193537529,0.0334621099554235,0.0311703483432455,0.0160096153846154,0.0264452644526445
0,0.0221614620808749,0.00873362445414847,0.00439923013472642,0.0162116040955631,0.0414675193537529,0.0334621099554235,0.0311703483432455,0.0160096153846154,0.0264452644526445
0,0.0221614620808749,0.00873362445414847,0.00439923013472642,0.0162116040955631,0.0414675193537529,0.0334621099554235,0.0311703483432455,0.0160096153846154,0.0264452644526445
0,0.0221614620808749,0.00873362445414847,0.00439923013472642,0.0162116040955631,0.0414675193537529,0.0334621099554235,0.0311703483432455,0.0160096153846154,0.0264452644526445
0,0.0221614620808749,0.00873362445414847,0.00439923013472642,0.0162116040955631,0.0414675193537529,0.0334621099554235,0.0311703483432455,0.0160096153846154,0.0264452644526445
0,0.0129943502824859,0.00995770179767359,0.0714646282541285,0.0256332010985658,0.0218151011331145,0.0277012192273555,0.0210284280936455,0.0100669870945767,0.0155137861930758
0,0.0129943502824859,0.00995770179767359,0.0714646282541285,0.0256332010985658,0.0218151011331145,0.0277012192273555,0.0210284280936455,0.0100669870945767,0.0155137861930758
0,0.0129943502824859,0.00995770179767359,0.0714646282541285,0.0256332010985658,0.0218151011331145,0.0277012192273555,0.0210284280936455,0.0100669870945767,0.0155137861930758
0,0.0129943502824859,0.00995770179767359,0.0714646282541285,0.0256332010985658,0.0218151011331145,0.0277012192273555,0.0210284280936455,0.0100669870945767,0.0155137861930758
0,0.0129943502824859,0.00995770179767359,0.0714646282541285,0.0256332010985658,0.0218151011331145,0.0277012192273555,0.0210284280936455,0.0100669870945767,0.0155137861930758
0.00236705065488401,0.0421468926553672,0.0347197744095876,0.0306483017235163,0.0660970399755874,0.0844540929789262,0.0760966039146074,0.0826505016722408,0.0636566627559323,0.0529680049754682
0.00236705065488401,0.0421468926553672,0.0347197744095876,0.0306483017235163,0.0660970399755874,0.0844540929789262,0.0760966039146074,0.0826505016722408,0.0636566627559323,0.0529680049754682
0.00236705065488401,0.0421468926553672,0.0347197744095876,0.0306483017235163,0.0660970399755874,0.0844540929789262,0.0760966039146074,0.0826505016722408,0.0636566627559323,0.0529680049754682
0.00236705065488401,0.0421468926553672,0.0347197744095876,0.0306483017235163,0.0660970399755874,0.0844540929789262,0.0760966039146074,0.0826505016722408,0.0636566627559323,0.0529680049754682
0.00236705065488401,0.0421468926553672,0.0347197744095876,0.0306483017235163,0.0660970399755874,0.0844540929789262,0.0760966039146074,0.0826505016722408,0.0636566627559323,0.0529680049754682
0.00236705065488401,0.0421468926553672,0.0347197744095876,0.0306483017235163,0.0660970399755874,0.0844540929789262,0.0760966039146074,0.0826505016722408,0.0636566627559323,0.0529680049754682
0.00236705065488401,0.0421468926553672,0.0347197744095876,0.0306483017235163,0.0660970399755874,0.0844540929789262,0.0760966039146074,0.0826505016722408,0.0636566627559323,0.0529680049754682
0.00236705065488401,0.0421468926553672,0.0347197744095876,0.0306483017235163,0.0660970399755874,0.0844540929789262,0.0760966039146074,0.0826505016722408,0.0636566627559323,0.0529680049754682
0.00236705065488401,0.0421468926553672,0.0347197744095876,0.0306483017235163,0.0660970399755874,0.0844540929789262,0.0760966039146074,0.0826505016722408,0.0636566627559323,0.0529680049754682
0.00236705065488401,0.0421468926553672,0.0347197744095876,0.0306483017235163,0.0660970399755874,0.0844540929789262,0.0760966039146074,0.0826505016722408,0.0636566627559323,0.0529680049754682
0.00236705065488401,0.0421468926553672,0.0347197744095876,0.0306483017235163,0.0660970399755874,0.0844540929789262,0.0760966039146074,0.0826505016722408,0.0636566627559323,0.0529680049754682
0.00236705065488401,0.0421468926553672,0.0347197744095876,0.0306483017235163,0.0660970399755874,0.0844540929789262,0.0760966039146074,0.0826505016722408,0.0636566627559323,0.0529680049754682
0.00236705065488401,0.0421468926553672,0.0347197744095876,0.0306483017235163,0.0660970399755874,0.0844540929789262,0.0760966039146074,0.0826505016722408,0.0636566627559323,0.0529680049754682
0.00236705065488401,0.0421468926553672,0.0347197744095876,0.0306483017235163,0.0660970399755874,0.0844540929789262,0.0760966039146074,0.0826505016722408,0.0636566627559323,0.0529680049754682
0.00236705065488401,0.0421468926553672,0.0347197744095876,0.0306483017235163,0.0660970399755874,0.0844540929789262,0.0760966039146074,0.0826505016722408,0.0636566627559323,0.0529680049754682
0.0287300820859488,0.00268319763138416,0.0399369416710457,0.0636697015680324,0.0576053190909586,0.0572456813819578,0.0130086867217254,0.0344734299516908,0.0302581985980485,0.0585855316394239
0.0287300820859488,0.00268319763138416,0.0399369416710457,0.0636697015680324,0.0576053190909586,0.0572456813819578,0.0130086867217254,0.0344734299516908,0.0302581985980485,0.0585855316394239
0.0287300820859488,0.00268319763138416,0.0399369416710457,0.0636697015680324,0.0576053190909586,0.0572456813819578,0.0130086867217254,0.0344734299516908,0.0302581985980485,0.0585855316394239
0.0287300820859488,0.00268319763138416,0.0399369416710457,0.0636697015680324,0.0576053190909586,0.0572456813819578,0.0130086867217254,0.0344734299516908,0.0302581985980485,0.0585855316394239
0.0287300820859488,0.00268319763138416,0.0399369416710457,0.0636697015680324,0.0576053190909586,0.0572456813819578,0.0130086867217254,0.0344734299516908,0.0302581985980485,0.0585855316394239
0.0287300820859488,0.00268319763138416,0.0399369416710457,0.0636697015680324,0.0576053190909586,0.0572456813819578,0.0130086867217254,0.0344734299516908,0.0302581985980485,0.0585855316394239
0.0287300820859488,0.00268319763138416,0.0399369416710457,0.0636697015680324,0.0576053190909586,0.0572456813819578,0.0130086867217254,0.0344734299516908,0.0302581985980485,0.0585855316394239
0.0287300820859488,0.00268319763138416,0.0399369416710457,0.0636697015680324,0.0576053190909586,0.0572456813819578,0.0130086867217254,0.0344734299516908,0.0302581985980485,0.0585855316394239
0.0132583366813982,0.00830154812654251,0.00839030453697949,0.0193471810089021,0.0415424560053851,0.029283287493933,0.00411149825783972,0.000735068912710567,0.000600895881131869,0.00315831030398736
0.0132583366813982,0.00830154812654251,0.00839030453697949,0.0193471810089021,0.0415424560053851,0.029283287493933,0.00411149825783972,0.000735068912710567,0.000600895881131869,0.00315831030398736
0.0132583366813982,0.00830154812654251,0.00839030453697949,0.0193471810089021,0.0415424560053851,0.029283287493933,0.00411149825783972,0.000735068912710567,0.000600895881131869,0.00315831030398736
0.152338811630847,0.0429955947136564,0.063575350823673,0.0706730319198727,0.0703373165935562,0.0460882296772551,0.0236816138581296,0.019711793339438,0.0220110915265896,0.0242076269542616
0.152338811630847,0.0429955947136564,0.063575350823673,0.0706730319198727,0.0703373165935562,0.0460882296772551,0.0236816138581296,0.019711793339438,0.0220110915265896,0.0242076269542616
0.152338811630847,0.0429955947136564,0.063575350823673,0.0706730319198727,0.0703373165935562,0.0460882296772551,0.0236816138581296,0.019711793339438,0.0220110915265896,0.0242076269542616
0.201448936667446,0.105542452830189,0.161307667491128,0.122989673269003,0.0469077202289543,0.0468350668647845,0.0858619798397519,0.05302614737612,0.0324976406384637,0.0475658776239393
0.201448936667446,0.105542452830189,0.161307667491128,0.122989673269003,0.0469077202289543,0.0468350668647845,0.0858619798397519,0.05302614737612,0.0324976406384637,0.0475658776239393
0.201448936667446,0.105542452830189,0.161307667491128,0.122989673269003,0.0469077202289543,0.0468350668647845,0.0858619798397519,0.05302614737612,0.0324976406384637,0.0475658776239393
0.24959102594064,0.0571933962264151,0.0538767609420368,0.0789740985271711,0.0407650425799246,0.0180089153046062,0.0376324631687775,0.0254616931797404,0.0299536334167658,0.0381866904868245
0.24959102594064,0.0571933962264151,0.0538767609420368,0.0789740985271711,0.0407650425799246,0.0180089153046062,0.0376324631687775,0.0254616931797404,0.0299536334167658,0.0381866904868245
0.24959102594064,0.0571933962264151,0.0538767609420368,0.0789740985271711,0.0407650425799246,0.0180089153046062,0.0376324631687775,0.0254616931797404,0.0299536334167658,0.0381866904868245
0.24959102594064,0.0571933962264151,0.0538767609420368,0.0789740985271711,0.0407650425799246,0.0180089153046062,0.0376324631687775,0.0254616931797404,0.0299536334167658,0.0381866904868245
0.24959102594064,0.0571933962264151,0.0538767609420368,0.0789740985271711,0.0407650425799246,0.0180089153046062,0.0376324631687775,0.0254616931797404,0.0299536334167658,0.0381866904868245
0.24959102594064,0.0571933962264151,0.0538767609420368,0.0789740985271711,0.0407650425799246,0.0180089153046062,0.0376324631687775,0.0254616931797404,0.0299536334167658,0.0381866904868245
0.24959102594064,0.0571933962264151,0.0538767609420368,0.0789740985271711,0.0407650425799246,0.0180089153046062,0.0376324631687775,0.0254616931797404,0.0299536334167658,0.0381866904868245
0.24959102594064,0.0571933962264151,0.0538767609420368,0.0789740985271711,0.0407650425799246,0.0180089153046062,0.0376324631687775,0.0254616931797404,0.0299536334167658,0.0381866904868245
0.24959102594064,0.0571933962264151,0.0538767609420368,0.0789740985271711,0.0407650425799246,0.0180089153046062,0.0376324631687775,0.0254616931797404,0.0299536334167658,0.0381866904868245
0.24959102594064,0.0571933962264151,0.0538767609420368,0.0789740985271711,0.0407650425799246,0.0180089153046062,0.0376324631687775,0.0254616931797404,0.0299536334167658,0.0381866904868245
0.24959102594064,0.0571933962264151,0.0538767609420368,0.0789740985271711,0.0407650425799246,0.0180089153046062,0.0376324631687775,0.0254616931797404,0.0299536334167658,0.0381866904868245
0.24959102594064,0.0571933962264151,0.0538767609420368,0.0789740985271711,0.0407650425799246,0.0180089153046062,0.0376324631687775,0.0254616931797404,0.0299536334167658,0.0381866904868245
0.24959102594064,0.0571933962264151,0.0538767609420368,0.0789740985271711,0.0407650425799246,0.0180089153046062,0.0376324631687775,0.0254616931797404,0.0299536334167658,0.0381866904868245
0.24959102594064,0.0571933962264151,0.0538767609420368,0.0789740985271711,0.0407650425799246,0.0180089153046062,0.0376324631687775,0.0254616931797404,0.0299536334167658,0.0381866904868245
0.24959102594064,0.0571933962264151,0.0538767609420368,0.0789740985271711,0.0407650425799246,0.0180089153046062,0.0376324631687775,0.0254616931797404,0.0299536334167658,0.0381866904868245
0.24959102594064,0.0571933962264151,0.0538767609420368,0.0789740985271711,0.0407650425799246,0.0180089153046062,0.0376324631687775,0.0254616931797404,0.0299536334167658,0.0381866904868245
0.0444414787134659,0.0202052258542262,0.0272370144041903,0.0233390500335545,0.0150864871894915,0.00212802668660493,0.0340973767268588,0.017728999577881,0.0204379562043796,0.0183779938344795
0.0444414787134659,0.0202052258542262,0.0272370144041903,0.0233390500335545,0.0150864871894915,0.00212802668660493,0.0340973767268588,0.017728999577881,0.0204379562043796,0.0183779938344795
0.0444414787134659,0.0202052258542262,0.0272370144041903,0.0233390500335545,0.0150864871894915,0.00212802668660493,0.0340973767268588,0.017728999577881,0.0204379562043796,0.0183779938344795
0.0444414787134659,0.0202052258542262,0.0272370144041903,0.0233390500335545,0.0150864871894915,0.00212802668660493,0.0340973767268588,0.017728999577881,0.0204379562043796,0.0183779938344795
0.0332072299285414,0.0141348632244117,0.0262723521320495,0.0184804928131417,0.0186529026982829,0.00344109390564158,0.0368442456283042,0.0199306119436038,0.0266464032421479,0.0318122393077258
0.0332072299285414,0.0141348632244117,0.0262723521320495,0.0184804928131417,0.0186529026982829,0.00344109390564158,0.0368442456283042,0.0199306119436038,0.0266464032421479,0.0318122393077258
0.0332072299285414,0.0141348632244117,0.0262723521320495,0.0184804928131417,0.0186529026982829,0.00344109390564158,0.0368442456283042,0.0199306119436038,0.0266464032421479,0.0318122393077258
0.0332072299285414,0.0141348632244117,0.0262723521320495,0.0184804928131417,0.0186529026982829,0.00344109390564158,0.0368442456283042,0.0199306119436038,0.0266464032421479,0.0318122393077258
0.0332072299285414,0.0141348632244117,0.0262723521320495,0.0184804928131417,0.0186529026982829,0.00344109390564158,0.0368442456283042,0.0199306119436038,0.0266464032421479,0.0318122393077258
0.0332072299285414,0.0141348632244117,0.0262723521320495,0.0184804928131417,0.0186529026982829,0.00344109390564158,0.0368442456283042,0.0199306119436038,0.0266464032421479,0.0318122393077258
0.0332072299285414,0.0141348632244117,0.0262723521320495,0.0184804928131417,0.0186529026982829,0.00344109390564158,0.0368442456283042,0.0199306119436038,0.0266464032421479,0.0318122393077258
0.0332072299285414,0.0141348632244117,0.0262723521320495,0.0184804928131417,0.0186529026982829,0.00344109390564158,0.0368442456283042,0.0199306119436038,0.0266464032421479,0.0318122393077258
0.0900588482555696,0.0604473268479255,0.0640302613480055,0.037430331475506,0.035210547833197,0.0162093633976274,0.0890605937372916,0.0659924706577102,0.0643026004728132,0.0625350183651871
0.0900588482555696,0.0604473268479255,0.0640302613480055,0.037430331475506,0.035210547833197,0.0162093633976274,0.0890605937372916,0.0659924706577102,0.0643026004728132,0.0625350183651871
0.0900588482555696,0.0604473268479255,0.0640302613480055,0.037430331475506,0.035210547833197,0.0162093633976274,0.0890605937372916,0.0659924706577102,0.0643026004728132,0.0625350183651871
0.0900588482555696,0.0604473268479255,0.0640302613480055,0.037430331475506,0.035210547833197,0.0162093633976274,0.0890605937372916,0.0659924706577102,0.0643026004728132,0.0625350183651871
0.0900588482555696,0.0604473268479255,0.0640302613480055,0.037430331475506,0.035210547833197,0.0162093633976274,0.0890605937372916,0.0659924706577102,0.0643026004728132,0.0625350183651871
0.0900588482555696,0.0604473268479255,0.0640302613480055,0.037430331475506,0.035210547833197,0.0162093633976274,0.0890605937372916,0.0659924706577102,0.0643026004728132,0.0625350183651871
0.0900588482555696,0.0604473268479255,0.0640302613480055,0.037430331475506,0.035210547833197,0.0162093633976274,0.0890605937372916,0.0659924706577102,0.0643026004728132,0.0625350183651871
0.0900588482555696,0.0604473268479255,0.0640302613480055,0.037430331475506,0.035210547833197,0.0162093633976274,0.0890605937372916,0.0659924706577102,0.0643026004728132,0.0625350183651871
0.0900588482555696,0.0604473268479255,0.0640302613480055,0.037430331475506,0.035210547833197,0.0162093633976274,0.0890605937372916,0.0659924706577102,0.0643026004728132,0.0625350183651871
0.0900588482555696,0.0604473268479255,0.0640302613480055,0.037430331475506,0.035210547833197,0.0162093633976274,0.0890605937372916,0.0659924706577102,0.0643026004728132,0.0625350183651871
0.0900588482555696,0.0604473268479255,0.0640302613480055,0.037430331475506,0.035210547833197,0.0162093633976274,0.0890605937372916,0.0659924706577102,0.0643026004728132,0.0625350183651871
0.0900588482555696,0.0604473268479255,0.0640302613480055,0.037430331475506,0.035210547833197,0.0162093633976274,0.0890605937372916,0.0659924706577102,0.0643026004728132,0.0625350183651871
0.0900588482555696,0.0604473268479255,0.0640302613480055,0.037430331475506,0.035210547833197,0.0162093633976274,0.0890605937372916,0.0659924706577102,0.0643026004728132,0.0625350183651871
0.0900588482555696,0.0604473268479255,0.0640302613480055,0.037430331475506,0.035210547833197,0.0162093633976274,0.0890605937372916,0.0659924706577102,0.0643026004728132,0.0625350183651871
0.0900588482555696,0.0604473268479255,0.0640302613480055,0.037430331475506,0.035210547833197,0.0162093633976274,0.0890605937372916,0.0659924706577102,0.0643026004728132,0.0625350183651871
0.0900588482555696,0.0604473268479255,0.0640302613480055,0.037430331475506,0.035210547833197,0.0162093633976274,0.0890605937372916,0.0659924706577102,0.0643026004728132,0.0625350183651871
